2026-09-16 18:31:54.521 [info] [main] Log level: Info
2026-09-16 18:31:54.521 [info] [main] Validating found git in: "git"
2026-09-16 18:31:54.521 [info] [main] Using git "2.34.1" from "git"
2026-09-16 18:31:54.521 [info] [Model][doInitialScan] Initial repository scan started
2026-09-16 18:31:54.521 [info] > git rev-parse --show-toplevel [6ms]
2026-09-16 18:31:54.521 [info] fatal: not a git repository (or any parent up to mount point /home)
Stopping at filesystem boundary (GIT_DISCOVERY_ACROSS_FILESYSTEM not set).
2026-09-16 18:31:54.521 [info] > git rev-parse --show-toplevel [3ms]
2026-09-16 18:31:54.521 [info] fatal: not a git repository (or any parent up to mount point /home)
Stopping at filesystem boundary (GIT_DISCOVERY_ACROSS_FILESYSTEM not set).
2026-09-16 18:31:54.521 [info] > git rev-parse --show-toplevel [5ms]
2026-09-16 18:31:54.521 [info] fatal: not a git repository (or any parent up to mount point /home)
Stopping at filesystem boundary (GIT_DISCOVERY_ACROSS_FILESYSTEM not set).
2026-09-16 18:31:54.521 [info] > git rev-parse --show-toplevel [3ms]
2026-09-16 18:31:54.521 [info] fatal: not a git repository (or any parent up to mount point /home)
Stopping at filesystem boundary (GIT_DISCOVERY_ACROSS_FILESYSTEM not set).
2026-09-16 18:31:54.521 [info] > git rev-parse --show-toplevel [3ms]
2026-09-16 18:31:54.521 [info] fatal: not a git repository (or any parent up to mount point /home)
Stopping at filesystem boundary (GIT_DISCOVERY_ACROSS_FILESYSTEM not set).
2026-09-16 18:31:54.522 [info] > git rev-parse --show-toplevel [8ms]
2026-09-16 18:31:54.522 [info] fatal: not a git repository (or any parent up to mount point /home)
Stopping at filesystem boundary (GIT_DISCOVERY_ACROSS_FILESYSTEM not set).
2026-09-16 18:31:54.528 [info] > git rev-parse --show-toplevel [4ms]
2026-09-16 18:31:54.528 [info] fatal: not a git repository (or any parent up to mount point /home)
Stopping at filesystem boundary (GIT_DISCOVERY_ACROSS_FILESYSTEM not set).
2026-09-16 18:31:54.532 [info] > git rev-parse --show-toplevel [2ms]
2026-09-16 18:31:54.532 [info] fatal: not a git repository (or any parent up to mount point /home)
Stopping at filesystem boundary (GIT_DISCOVERY_ACROSS_FILESYSTEM not set).
2026-09-16 18:31:54.537 [info] > git rev-parse --show-toplevel [2ms]
2026-09-16 18:31:54.537 [info] fatal: not a git repository (or any parent up to mount point /home)
Stopping at filesystem boundary (GIT_DISCOVERY_ACROSS_FILESYSTEM not set).
2026-09-16 18:31:54.541 [info] > git rev-parse --show-toplevel [3ms]
2026-09-16 18:31:54.541 [info] fatal: not a git repository (or any parent up to mount point /home)
Stopping at filesystem boundary (GIT_DISCOVERY_ACROSS_FILESYSTEM not set).
2026-09-16 18:31:54.543 [info] [Model][doInitialScan] Initial repository scan completed - repositories (0), closed repositories (0), parent repositories (0), unsafe repositories (0)
2026-09-16 18:31:54.857 [info] > git rev-parse --show-toplevel [3ms]
2026-09-16 18:31:54.857 [info] fatal: not a git repository (or any parent up to mount point /home)
Stopping at filesystem boundary (GIT_DISCOVERY_ACROSS_FILESYSTEM not set).
2026-09-16 18:32:45.411 [info] > git rev-parse --show-toplevel [2ms]
2026-09-16 18:32:45.411 [info] fatal: not a git repository (or any parent up to mount point /home)
Stopping at filesystem boundary (GIT_DISCOVERY_ACROSS_FILESYSTEM not set).
2026-09-16 18:33:06.213 [info] > git rev-parse --show-toplevel [2ms]
2026-09-16 18:33:06.213 [info] fatal: not a git repository (or any parent up to mount point /home)
Stopping at filesystem boundary (GIT_DISCOVERY_ACROSS_FILESYSTEM not set).
2026-09-16 18:34:16.678 [info] > git rev-parse --show-toplevel [2ms]
2026-09-16 18:34:16.682 [info] > git rev-parse --git-dir --git-common-dir [2ms]
2026-09-16 18:34:16.690 [info] [Model][openRepository] Opened repository: /home/202207372
2026-09-16 18:34:16.696 [info] [Git][getRemotes] No remotes found in the git config file
2026-09-16 18:34:16.697 [info] > git config --get commit.template [3ms]
2026-09-16 18:34:16.699 [info] > git for-each-ref --format=%(refname)%00%(upstream:short)%00%(objectname)%00%(upstream:track)%00%(upstream:remotename)%00%(upstream:remoteref) refs/heads/master refs/remotes/master [3ms]
2026-09-16 18:34:16.700 [warning] [Git][getBranch] No such branch: master
2026-09-16 18:34:16.707 [info] > git for-each-ref --sort -committerdate --format %(refname) %(objectname) %(*objectname) [2ms]
2026-09-16 18:34:16.717 [info] > git status -z -uall [15ms]
2026-09-16 18:34:16.765 [info] > git for-each-ref --format=%(refname)%00%(upstream:short)%00%(objectname)%00%(upstream:track)%00%(upstream:remotename)%00%(upstream:remoteref) refs/heads/master refs/remotes/master [6ms]
2026-09-16 18:34:16.765 [warning] [Git][getBranch] No such branch: master
2026-09-16 18:34:16.766 [error] [GitHistoryProvider][resolveHEADMergeBase] Failed to resolve merge base for master: Error: No such branch: master.
2026-09-16 18:34:16.777 [info] > git config --get commit.template [14ms]
2026-09-16 18:34:16.781 [info] [Git][getRemotes] No remotes found in the git config file
2026-09-16 18:34:16.980 [info] > git for-each-ref --format=%(refname)%00%(upstream:short)%00%(objectname)%00%(upstream:track)%00%(upstream:remotename)%00%(upstream:remoteref) refs/heads/master refs/remotes/master [201ms]
2026-09-16 18:34:16.980 [warning] [Git][getBranch] No such branch: master
2026-09-16 18:34:17.001 [info] > git for-each-ref --sort -committerdate --format %(refname) %(objectname) %(*objectname) [5ms]
2026-09-16 18:34:17.008 [info] > git status -z -uall [15ms]
2026-09-16 18:34:17.513 [info] > git check-ignore -v -z --stdin [2ms]
2026-09-16 18:34:20.092 [info] [Git][getRemotes] No remotes found in the git config file
2026-09-16 18:34:20.093 [info] > git config --get commit.template [3ms]
2026-09-16 18:34:20.094 [info] > git for-each-ref --format=%(refname)%00%(upstream:short)%00%(objectname)%00%(upstream:track)%00%(upstream:remotename)%00%(upstream:remoteref) refs/heads/master refs/remotes/master [2ms]
2026-09-16 18:34:20.094 [warning] [Git][getBranch] No such branch: master
2026-09-16 18:34:20.100 [info] > git for-each-ref --sort -committerdate --format %(refname) %(objectname) %(*objectname) [2ms]
2026-09-16 18:34:20.108 [info] > git status -z -uall [12ms]
2026-09-16 18:34:25.137 [info] [Git][getRemotes] No remotes found in the git config file
2026-09-16 18:34:25.138 [info] > git config --get commit.template [3ms]
2026-09-16 18:34:25.139 [info] > git for-each-ref --format=%(refname)%00%(upstream:short)%00%(objectname)%00%(upstream:track)%00%(upstream:remotename)%00%(upstream:remoteref) refs/heads/master refs/remotes/master [2ms]
2026-09-16 18:34:25.139 [warning] [Git][getBranch] No such branch: master
2026-09-16 18:34:25.146 [info] > git for-each-ref --sort -committerdate --format %(refname) %(objectname) %(*objectname) [3ms]
2026-09-16 18:34:25.153 [info] > git status -z -uall [12ms]
2026-09-16 18:34:30.182 [info] [Git][getRemotes] No remotes found in the git config file
2026-09-16 18:34:30.184 [info] > git config --get commit.template [4ms]
2026-09-16 18:34:30.184 [info] > git for-each-ref --format=%(refname)%00%(upstream:short)%00%(objectname)%00%(upstream:track)%00%(upstream:remotename)%00%(upstream:remoteref) refs/heads/master refs/remotes/master [2ms]
2026-09-16 18:34:30.184 [warning] [Git][getBranch] No such branch: master
2026-09-16 18:34:30.190 [info] > git for-each-ref --sort -committerdate --format %(refname) %(objectname) %(*objectname) [2ms]
2026-09-16 18:34:30.198 [info] > git status -z -uall [12ms]
2026-09-16 18:34:39.953 [info] [Git][getRemotes] No remotes found in the git config file
2026-09-16 18:34:39.954 [info] > git config --get commit.template [3ms]
2026-09-16 18:34:39.955 [info] > git for-each-ref --format=%(refname)%00%(upstream:short)%00%(objectname)%00%(upstream:track)%00%(upstream:remotename)%00%(upstream:remoteref) refs/heads/master refs/remotes/master [2ms]
2026-09-16 18:34:39.955 [warning] [Git][getBranch] No such branch: master
2026-09-16 18:34:39.962 [info] > git for-each-ref --sort -committerdate --format %(refname) %(objectname) %(*objectname) [3ms]
2026-09-16 18:34:39.969 [info] > git status -z -uall [12ms]
2026-09-16 18:34:44.998 [info] [Git][getRemotes] No remotes found in the git config file
2026-09-16 18:34:44.999 [info] > git config --get commit.template [3ms]
2026-09-16 18:34:45.000 [info] > git for-each-ref --format=%(refname)%00%(upstream:short)%00%(objectname)%00%(upstream:track)%00%(upstream:remotename)%00%(upstream:remoteref) refs/heads/master refs/remotes/master [2ms]
2026-09-16 18:34:45.000 [warning] [Git][getBranch] No such branch: master
2026-09-16 18:34:45.007 [info] > git for-each-ref --sort -committerdate --format %(refname) %(objectname) %(*objectname) [3ms]
2026-09-16 18:34:45.014 [info] > git status -z -uall [12ms]
2026-09-16 18:34:50.054 [info] [Git][getRemotes] No remotes found in the git config file
2026-09-16 18:34:50.054 [info] > git config --get commit.template [3ms]
2026-09-16 18:34:50.056 [info] > git for-each-ref --format=%(refname)%00%(upstream:short)%00%(objectname)%00%(upstream:track)%00%(upstream:remotename)%00%(upstream:remoteref) refs/heads/master refs/remotes/master [2ms]
2026-09-16 18:34:50.056 [warning] [Git][getBranch] No such branch: master
2026-09-16 18:34:50.068 [info] > git for-each-ref --sort -committerdate --format %(refname) %(objectname) %(*objectname) [7ms]
2026-09-16 18:34:50.070 [info] > git status -z -uall [11ms]
2026-09-16 18:34:55.096 [info] [Git][getRemotes] No remotes found in the git config file
2026-09-16 18:34:55.097 [info] > git config --get commit.template [3ms]
2026-09-16 18:34:55.098 [info] > git for-each-ref --format=%(refname)%00%(upstream:short)%00%(objectname)%00%(upstream:track)%00%(upstream:remotename)%00%(upstream:remoteref) refs/heads/master refs/remotes/master [2ms]
2026-09-16 18:34:55.098 [warning] [Git][getBranch] No such branch: master
2026-09-16 18:34:55.105 [info] > git for-each-ref --sort -committerdate --format %(refname) %(objectname) %(*objectname) [2ms]
2026-09-16 18:34:55.115 [info] > git status -z -uall [14ms]
2026-09-16 18:35:00.142 [info] [Git][getRemotes] No remotes found in the git config file
2026-09-16 18:35:00.143 [info] > git config --get commit.template [3ms]
2026-09-16 18:35:00.144 [info] > git for-each-ref --format=%(refname)%00%(upstream:short)%00%(objectname)%00%(upstream:track)%00%(upstream:remotename)%00%(upstream:remoteref) refs/heads/master refs/remotes/master [2ms]
2026-09-16 18:35:00.144 [warning] [Git][getBranch] No such branch: master
2026-09-16 18:35:00.151 [info] > git for-each-ref --sort -committerdate --format %(refname) %(objectname) %(*objectname) [3ms]
2026-09-16 18:35:00.162 [info] > git status -z -uall [16ms]
2026-09-16 18:35:05.208 [info] [Git][getRemotes] No remotes found in the git config file
2026-09-16 18:35:05.208 [info] > git config --get commit.template [3ms]
2026-09-16 18:35:05.210 [info] > git for-each-ref --format=%(refname)%00%(upstream:short)%00%(objectname)%00%(upstream:track)%00%(upstream:remotename)%00%(upstream:remoteref) refs/heads/master refs/remotes/master [3ms]
2026-09-16 18:35:05.210 [warning] [Git][getBranch] No such branch: master
2026-09-16 18:35:05.217 [info] > git for-each-ref --sort -committerdate --format %(refname) %(objectname) %(*objectname) [3ms]
2026-09-16 18:35:05.224 [info] > git status -z -uall [12ms]
2026-09-16 18:35:10.248 [info] [Git][getRemotes] No remotes found in the git config file
2026-09-16 18:35:10.251 [info] > git config --get commit.template [3ms]
2026-09-16 18:35:10.254 [info] > git for-each-ref --format=%(refname)%00%(upstream:short)%00%(objectname)%00%(upstream:track)%00%(upstream:remotename)%00%(upstream:remoteref) refs/heads/master refs/remotes/master [2ms]
2026-09-16 18:35:10.254 [warning] [Git][getBranch] No such branch: master
2026-09-16 18:35:10.261 [info] > git for-each-ref --sort -committerdate --format %(refname) %(objectname) %(*objectname) [2ms]
2026-09-16 18:35:10.273 [info] > git status -z -uall [17ms]
2026-09-16 18:35:15.299 [info] [Git][getRemotes] No remotes found in the git config file
2026-09-16 18:35:15.299 [info] > git config --get commit.template [3ms]
2026-09-16 18:35:15.301 [info] > git for-each-ref --format=%(refname)%00%(upstream:short)%00%(objectname)%00%(upstream:track)%00%(upstream:remotename)%00%(upstream:remoteref) refs/heads/master refs/remotes/master [3ms]
2026-09-16 18:35:15.301 [warning] [Git][getBranch] No such branch: master
2026-09-16 18:35:15.308 [info] > git for-each-ref --sort -committerdate --format %(refname) %(objectname) %(*objectname) [2ms]
2026-09-16 18:35:15.316 [info] > git status -z -uall [12ms]
2026-09-16 18:35:20.360 [info] [Git][getRemotes] No remotes found in the git config file
2026-09-16 18:35:20.363 [info] > git config --get commit.template [2ms]
2026-09-16 18:35:20.364 [info] > git for-each-ref --format=%(refname)%00%(upstream:short)%00%(objectname)%00%(upstream:track)%00%(upstream:remotename)%00%(upstream:remoteref) refs/heads/master refs/remotes/master [2ms]
2026-09-16 18:35:20.364 [warning] [Git][getBranch] No such branch: master
2026-09-16 18:35:20.372 [info] > git for-each-ref --sort -committerdate --format %(refname) %(objectname) %(*objectname) [3ms]
2026-09-16 18:35:20.378 [info] > git status -z -uall [12ms]
2026-09-16 18:35:25.400 [info] [Git][getRemotes] No remotes found in the git config file
2026-09-16 18:35:25.403 [info] > git config --get commit.template [3ms]
2026-09-16 18:35:25.405 [info] > git for-each-ref --format=%(refname)%00%(upstream:short)%00%(objectname)%00%(upstream:track)%00%(upstream:remotename)%00%(upstream:remoteref) refs/heads/master refs/remotes/master [2ms]
2026-09-16 18:35:25.405 [warning] [Git][getBranch] No such branch: master
2026-09-16 18:35:25.412 [info] > git for-each-ref --sort -committerdate --format %(refname) %(objectname) %(*objectname) [2ms]
2026-09-16 18:35:25.419 [info] > git status -z -uall [12ms]
2026-09-16 18:35:30.447 [info] [Git][getRemotes] No remotes found in the git config file
2026-09-16 18:35:30.447 [info] > git config --get commit.template [3ms]
2026-09-16 18:35:30.449 [info] > git for-each-ref --format=%(refname)%00%(upstream:short)%00%(objectname)%00%(upstream:track)%00%(upstream:remotename)%00%(upstream:remoteref) refs/heads/master refs/remotes/master [3ms]
2026-09-16 18:35:30.449 [warning] [Git][getBranch] No such branch: master
2026-09-16 18:35:30.456 [info] > git for-each-ref --sort -committerdate --format %(refname) %(objectname) %(*objectname) [2ms]
2026-09-16 18:35:30.467 [info] > git status -z -uall [15ms]
2026-09-16 18:35:35.505 [info] [Git][getRemotes] No remotes found in the git config file
2026-09-16 18:35:35.506 [info] > git config --get commit.template [3ms]
2026-09-16 18:35:35.509 [info] > git for-each-ref --format=%(refname)%00%(upstream:short)%00%(objectname)%00%(upstream:track)%00%(upstream:remotename)%00%(upstream:remoteref) refs/heads/master refs/remotes/master [4ms]
2026-09-16 18:35:35.509 [warning] [Git][getBranch] No such branch: master
2026-09-16 18:35:35.515 [info] > git for-each-ref --sort -committerdate --format %(refname) %(objectname) %(*objectname) [2ms]
2026-09-16 18:35:35.525 [info] > git status -z -uall [15ms]
2026-09-16 18:35:40.552 [info] [Git][getRemotes] No remotes found in the git config file
2026-09-16 18:35:40.552 [info] > git config --get commit.template [3ms]
2026-09-16 18:35:40.554 [info] > git for-each-ref --format=%(refname)%00%(upstream:short)%00%(objectname)%00%(upstream:track)%00%(upstream:remotename)%00%(upstream:remoteref) refs/heads/master refs/remotes/master [2ms]
2026-09-16 18:35:40.554 [warning] [Git][getBranch] No such branch: master
2026-09-16 18:35:40.561 [info] > git for-each-ref --sort -committerdate --format %(refname) %(objectname) %(*objectname) [2ms]
2026-09-16 18:35:40.568 [info] > git status -z -uall [12ms]
2026-09-16 18:35:45.594 [info] [Git][getRemotes] No remotes found in the git config file
2026-09-16 18:35:45.596 [info] > git config --get commit.template [5ms]
2026-09-16 18:35:45.597 [info] > git for-each-ref --format=%(refname)%00%(upstream:short)%00%(objectname)%00%(upstream:track)%00%(upstream:remotename)%00%(upstream:remoteref) refs/heads/master refs/remotes/master [3ms]
2026-09-16 18:35:45.597 [warning] [Git][getBranch] No such branch: master
2026-09-16 18:35:45.605 [info] > git for-each-ref --sort -committerdate --format %(refname) %(objectname) %(*objectname) [4ms]
2026-09-16 18:35:45.614 [info] > git status -z -uall [15ms]
2026-09-16 18:35:50.641 [info] [Git][getRemotes] No remotes found in the git config file
2026-09-16 18:35:50.642 [info] > git config --get commit.template [3ms]
2026-09-16 18:35:50.643 [info] > git for-each-ref --format=%(refname)%00%(upstream:short)%00%(objectname)%00%(upstream:track)%00%(upstream:remotename)%00%(upstream:remoteref) refs/heads/master refs/remotes/master [2ms]
2026-09-16 18:35:50.643 [warning] [Git][getBranch] No such branch: master
2026-09-16 18:35:50.651 [info] > git for-each-ref --sort -committerdate --format %(refname) %(objectname) %(*objectname) [3ms]
2026-09-16 18:35:50.657 [info] > git status -z -uall [11ms]
2026-09-16 18:35:55.694 [info] [Git][getRemotes] No remotes found in the git config file
2026-09-16 18:35:55.694 [info] > git config --get commit.template [3ms]
2026-09-16 18:35:55.696 [info] > git for-each-ref --format=%(refname)%00%(upstream:short)%00%(objectname)%00%(upstream:track)%00%(upstream:remotename)%00%(upstream:remoteref) refs/heads/master refs/remotes/master [2ms]
2026-09-16 18:35:55.696 [warning] [Git][getBranch] No such branch: master
2026-09-16 18:35:55.704 [info] > git for-each-ref --sort -committerdate --format %(refname) %(objectname) %(*objectname) [3ms]
2026-09-16 18:35:55.711 [info] > git status -z -uall [13ms]
2026-09-16 18:36:00.757 [info] [Git][getRemotes] No remotes found in the git config file
2026-09-16 18:36:00.758 [info] > git config --get commit.template [3ms]
2026-09-16 18:36:00.760 [info] > git for-each-ref --format=%(refname)%00%(upstream:short)%00%(objectname)%00%(upstream:track)%00%(upstream:remotename)%00%(upstream:remoteref) refs/heads/master refs/remotes/master [3ms]
2026-09-16 18:36:00.760 [warning] [Git][getBranch] No such branch: master
2026-09-16 18:36:00.767 [info] > git for-each-ref --sort -committerdate --format %(refname) %(objectname) %(*objectname) [3ms]
2026-09-16 18:36:00.774 [info] > git status -z -uall [12ms]
2026-09-16 18:36:05.799 [info] [Git][getRemotes] No remotes found in the git config file
2026-09-16 18:36:05.800 [info] > git config --get commit.template [4ms]
2026-09-16 18:36:05.802 [info] > git for-each-ref --format=%(refname)%00%(upstream:short)%00%(objectname)%00%(upstream:track)%00%(upstream:remotename)%00%(upstream:remoteref) refs/heads/master refs/remotes/master [3ms]
2026-09-16 18:36:05.802 [warning] [Git][getBranch] No such branch: master
2026-09-16 18:36:05.809 [info] > git for-each-ref --sort -committerdate --format %(refname) %(objectname) %(*objectname) [3ms]
2026-09-16 18:36:05.816 [info] > git status -z -uall [12ms]
2026-09-16 18:36:10.852 [info] [Git][getRemotes] No remotes found in the git config file
2026-09-16 18:36:10.853 [info] > git config --get commit.template [4ms]
2026-09-16 18:36:10.854 [info] > git for-each-ref --format=%(refname)%00%(upstream:short)%00%(objectname)%00%(upstream:track)%00%(upstream:remotename)%00%(upstream:remoteref) refs/heads/master refs/remotes/master [2ms]
2026-09-16 18:36:10.854 [warning] [Git][getBranch] No such branch: master
2026-09-16 18:36:10.861 [info] > git for-each-ref --sort -committerdate --format %(refname) %(objectname) %(*objectname) [2ms]
2026-09-16 18:36:10.869 [info] > git status -z -uall [13ms]
2026-09-16 18:36:15.905 [info] [Git][getRemotes] No remotes found in the git config file
2026-09-16 18:36:15.909 [info] > git config --get commit.template [4ms]
2026-09-16 18:36:15.910 [info] > git for-each-ref --format=%(refname)%00%(upstream:short)%00%(objectname)%00%(upstream:track)%00%(upstream:remotename)%00%(upstream:remoteref) refs/heads/master refs/remotes/master [3ms]
2026-09-16 18:36:15.910 [warning] [Git][getBranch] No such branch: master
2026-09-16 18:36:15.916 [info] > git for-each-ref --sort -committerdate --format %(refname) %(objectname) %(*objectname) [2ms]
2026-09-16 18:36:15.927 [info] > git status -z -uall [15ms]
2026-09-16 18:36:20.950 [info] [Git][getRemotes] No remotes found in the git config file
2026-09-16 18:36:20.953 [info] > git config --get commit.template [3ms]
2026-09-16 18:36:20.955 [info] > git for-each-ref --format=%(refname)%00%(upstream:short)%00%(objectname)%00%(upstream:track)%00%(upstream:remotename)%00%(upstream:remoteref) refs/heads/master refs/remotes/master [2ms]
2026-09-16 18:36:20.955 [warning] [Git][getBranch] No such branch: master
2026-09-16 18:36:20.963 [info] > git for-each-ref --sort -committerdate --format %(refname) %(objectname) %(*objectname) [3ms]
2026-09-16 18:36:20.970 [info] > git status -z -uall [13ms]
2026-09-16 18:36:26.026 [info] [Git][getRemotes] No remotes found in the git config file
2026-09-16 18:36:26.027 [info] > git config --get commit.template [3ms]
2026-09-16 18:36:26.029 [info] > git for-each-ref --format=%(refname)%00%(upstream:short)%00%(objectname)%00%(upstream:track)%00%(upstream:remotename)%00%(upstream:remoteref) refs/heads/master refs/remotes/master [3ms]
2026-09-16 18:36:26.029 [warning] [Git][getBranch] No such branch: master
2026-09-16 18:36:26.036 [info] > git for-each-ref --sort -committerdate --format %(refname) %(objectname) %(*objectname) [2ms]
2026-09-16 18:36:26.047 [info] > git status -z -uall [16ms]
2026-09-16 18:36:31.071 [info] [Git][getRemotes] No remotes found in the git config file
2026-09-16 18:36:31.072 [info] > git config --get commit.template [4ms]
2026-09-16 18:36:31.074 [info] > git for-each-ref --format=%(refname)%00%(upstream:short)%00%(objectname)%00%(upstream:track)%00%(upstream:remotename)%00%(upstream:remoteref) refs/heads/master refs/remotes/master [2ms]
2026-09-16 18:36:31.074 [warning] [Git][getBranch] No such branch: master
2026-09-16 18:36:31.080 [info] > git for-each-ref --sort -committerdate --format %(refname) %(objectname) %(*objectname) [2ms]
2026-09-16 18:36:31.088 [info] > git status -z -uall [12ms]
2026-09-16 18:36:36.124 [info] [Git][getRemotes] No remotes found in the git config file
2026-09-16 18:36:36.126 [info] > git config --get commit.template [5ms]
2026-09-16 18:36:36.126 [info] > git for-each-ref --format=%(refname)%00%(upstream:short)%00%(objectname)%00%(upstream:track)%00%(upstream:remotename)%00%(upstream:remoteref) refs/heads/master refs/remotes/master [2ms]
2026-09-16 18:36:36.126 [warning] [Git][getBranch] No such branch: master
2026-09-16 18:36:36.133 [info] > git for-each-ref --sort -committerdate --format %(refname) %(objectname) %(*objectname) [2ms]
2026-09-16 18:36:36.144 [info] > git status -z -uall [16ms]
2026-09-16 18:36:41.185 [info] [Git][getRemotes] No remotes found in the git config file
2026-09-16 18:36:41.188 [info] > git config --get commit.template [2ms]
2026-09-16 18:36:41.189 [info] > git for-each-ref --format=%(refname)%00%(upstream:short)%00%(objectname)%00%(upstream:track)%00%(upstream:remotename)%00%(upstream:remoteref) refs/heads/master refs/remotes/master [2ms]
2026-09-16 18:36:41.189 [warning] [Git][getBranch] No such branch: master
2026-09-16 18:36:41.196 [info] > git for-each-ref --sort -committerdate --format %(refname) %(objectname) %(*objectname) [2ms]
2026-09-16 18:36:41.204 [info] > git status -z -uall [12ms]
2026-09-16 18:36:46.240 [info] [Git][getRemotes] No remotes found in the git config file
2026-09-16 18:36:46.241 [info] > git config --get commit.template [3ms]
2026-09-16 18:36:46.243 [info] > git for-each-ref --format=%(refname)%00%(upstream:short)%00%(objectname)%00%(upstream:track)%00%(upstream:remotename)%00%(upstream:remoteref) refs/heads/master refs/remotes/master [2ms]
2026-09-16 18:36:46.250 [info] > git for-each-ref --sort -committerdate --format %(refname) %(objectname) %(*objectname) [3ms]
2026-09-16 18:36:46.264 [info] > git status -z -uall [19ms]
2026-09-16 18:41:35.817 [info] > git config --get commit.template [3ms]
2026-09-16 18:41:35.819 [info] > git for-each-ref --format=%(refname)%00%(upstream:short)%00%(objectname)%00%(upstream:track)%00%(upstream:remotename)%00%(upstream:remoteref) refs/heads/master refs/remotes/master [3ms]
2026-09-16 18:41:35.828 [info] > git for-each-ref --sort -committerdate --format %(refname) %(objectname) %(*objectname) [4ms]
2026-09-16 18:41:35.838 [info] > git status -z -uall [17ms]
2026-09-16 18:41:40.846 [info] > git config --get commit.template [3ms]
2026-09-16 18:41:40.847 [info] > git for-each-ref --format=%(refname)%00%(upstream:short)%00%(objectname)%00%(upstream:track)%00%(upstream:remotename)%00%(upstream:remoteref) refs/heads/master refs/remotes/master [2ms]
2026-09-16 18:41:40.855 [info] > git for-each-ref --sort -committerdate --format %(refname) %(objectname) %(*objectname) [3ms]
2026-09-16 18:41:40.867 [info] > git status -z -uall [18ms]
2026-09-16 18:41:45.875 [info] > git config --get commit.template [3ms]
2026-09-16 18:41:45.877 [info] > git for-each-ref --format=%(refname)%00%(upstream:short)%00%(objectname)%00%(upstream:track)%00%(upstream:remotename)%00%(upstream:remoteref) refs/heads/master refs/remotes/master [2ms]
2026-09-16 18:41:45.885 [info] > git for-each-ref --sort -committerdate --format %(refname) %(objectname) %(*objectname) [4ms]
2026-09-16 18:41:45.895 [info] > git status -z -uall [16ms]
2026-09-16 18:41:50.904 [info] > git config --get commit.template [3ms]
2026-09-16 18:41:50.905 [info] > git for-each-ref --format=%(refname)%00%(upstream:short)%00%(objectname)%00%(upstream:track)%00%(upstream:remotename)%00%(upstream:remoteref) refs/heads/master refs/remotes/master [2ms]
2026-09-16 18:41:50.912 [info] > git for-each-ref --sort -committerdate --format %(refname) %(objectname) %(*objectname) [2ms]
2026-09-16 18:41:50.926 [info] > git status -z -uall [19ms]
2026-09-16 18:41:57.138 [info] > git config --get commit.template [3ms]
2026-09-16 18:41:57.140 [info] > git for-each-ref --format=%(refname)%00%(upstream:short)%00%(objectname)%00%(upstream:track)%00%(upstream:remotename)%00%(upstream:remoteref) refs/heads/master refs/remotes/master [2ms]
2026-09-16 18:41:57.147 [info] > git for-each-ref --sort -committerdate --format %(refname) %(objectname) %(*objectname) [3ms]
2026-09-16 18:41:57.159 [info] > git status -z -uall [17ms]
2026-09-16 18:42:02.167 [info] > git config --get commit.template [2ms]
2026-09-16 18:42:02.169 [info] > git for-each-ref --format=%(refname)%00%(upstream:short)%00%(objectname)%00%(upstream:track)%00%(upstream:remotename)%00%(upstream:remoteref) refs/heads/main refs/remotes/main [2ms]
2026-09-16 18:42:02.176 [info] > git for-each-ref --sort -committerdate --format %(refname) %(objectname) %(*objectname) [2ms]
2026-09-16 18:42:02.189 [info] > git status -z -uall [18ms]
2026-09-16 18:42:02.195 [info] > git for-each-ref --format=%(refname)%00%(upstream:short)%00%(objectname)%00%(upstream:track)%00%(upstream:remotename)%00%(upstream:remoteref) refs/heads/main refs/remotes/main [2ms]
2026-09-16 18:42:02.199 [info] > git config --local branch.main.vscode-merge-base [2ms]
2026-09-16 18:42:02.199 [warning] [Git][config] git config failed: Failed to execute git
2026-09-16 18:42:02.204 [info] > git reflog main --grep-reflog=branch: Created from *. [3ms]
2026-09-16 18:42:02.209 [info] > git symbolic-ref --short refs/remotes/origin/HEAD [3ms]
2026-09-16 18:42:02.209 [info] fatal: ref refs/remotes/origin/HEAD is not a symbolic ref
2026-09-16 18:42:02.209 [warning] [Repository][getDefaultBranch] Failed to get default branch details: Failed to execute git.
2026-09-16 18:42:15.888 [info] > git config --get commit.template [3ms]
2026-09-16 18:42:15.890 [info] > git for-each-ref --format=%(refname)%00%(upstream:short)%00%(objectname)%00%(upstream:track)%00%(upstream:remotename)%00%(upstream:remoteref) refs/heads/main refs/remotes/main [3ms]
2026-09-16 18:42:15.896 [info] > git for-each-ref --sort -committerdate --format %(refname) %(objectname) %(*objectname) [2ms]
2026-09-16 18:42:15.910 [info] > git status -z -uall [18ms]
2026-09-16 18:43:29.738 [info] > git config --get commit.template [3ms]
2026-09-16 18:43:29.740 [info] > git for-each-ref --format=%(refname)%00%(upstream:short)%00%(objectname)%00%(upstream:track)%00%(upstream:remotename)%00%(upstream:remoteref) refs/heads/main refs/remotes/main [3ms]
2026-09-16 18:43:29.747 [info] > git for-each-ref --sort -committerdate --format %(refname) %(objectname) %(*objectname) [3ms]
2026-09-16 18:43:29.763 [info] > git status -z -uall [21ms]
2026-09-16 18:43:34.772 [info] > git config --get commit.template [3ms]
2026-09-16 18:43:34.774 [info] > git for-each-ref --format=%(refname)%00%(upstream:short)%00%(objectname)%00%(upstream:track)%00%(upstream:remotename)%00%(upstream:remoteref) refs/heads/main refs/remotes/main [2ms]
2026-09-16 18:43:34.781 [info] > git for-each-ref --sort -committerdate --format %(refname) %(objectname) %(*objectname) [3ms]
2026-09-16 18:43:34.806 [info] > git status -z -uall [31ms]
2026-09-16 18:43:39.815 [info] > git config --get commit.template [3ms]
2026-09-16 18:43:39.817 [info] > git for-each-ref --format=%(refname)%00%(upstream:short)%00%(objectname)%00%(upstream:track)%00%(upstream:remotename)%00%(upstream:remoteref) refs/heads/main refs/remotes/main [2ms]
2026-09-16 18:43:39.824 [info] > git for-each-ref --sort -committerdate --format %(refname) %(objectname) %(*objectname) [3ms]
2026-09-16 18:43:39.837 [info] > git status -z -uall [18ms]
2026-09-16 18:43:49.415 [info] > git config --get commit.template [2ms]
2026-09-16 18:43:49.417 [info] > git for-each-ref --format=%(refname)%00%(upstream:short)%00%(objectname)%00%(upstream:track)%00%(upstream:remotename)%00%(upstream:remoteref) refs/heads/main refs/remotes/main [2ms]
2026-09-16 18:43:49.424 [info] > git for-each-ref --sort -committerdate --format %(refname) %(objectname) %(*objectname) [3ms]
2026-09-16 18:43:49.436 [info] > git status -z -uall [17ms]
2026-09-16 18:43:54.444 [info] > git config --get commit.template [3ms]
2026-09-16 18:43:54.446 [info] > git for-each-ref --format=%(refname)%00%(upstream:short)%00%(objectname)%00%(upstream:track)%00%(upstream:remotename)%00%(upstream:remoteref) refs/heads/main refs/remotes/main [2ms]
2026-09-16 18:43:54.454 [info] > git for-each-ref --sort -committerdate --format %(refname) %(objectname) %(*objectname) [2ms]
2026-09-16 18:43:54.466 [info] > git status -z -uall [17ms]
2026-09-16 18:43:59.473 [info] > git config --get commit.template [3ms]
2026-09-16 18:43:59.475 [info] > git for-each-ref --format=%(refname)%00%(upstream:short)%00%(objectname)%00%(upstream:track)%00%(upstream:remotename)%00%(upstream:remoteref) refs/heads/main refs/remotes/main [3ms]
2026-09-16 18:43:59.482 [info] > git for-each-ref --sort -committerdate --format %(refname) %(objectname) %(*objectname) [3ms]
2026-09-16 18:43:59.495 [info] > git status -z -uall [18ms]
2026-09-16 18:44:04.505 [info] > git config --get commit.template [4ms]
2026-09-16 18:44:04.506 [info] > git for-each-ref --format=%(refname)%00%(upstream:short)%00%(objectname)%00%(upstream:track)%00%(upstream:remotename)%00%(upstream:remoteref) refs/heads/main refs/remotes/main [2ms]
2026-09-16 18:44:04.515 [info] > git for-each-ref --sort -committerdate --format %(refname) %(objectname) %(*objectname) [4ms]
2026-09-16 18:44:04.526 [info] > git status -z -uall [18ms]
2026-09-16 18:44:09.534 [info] > git config --get commit.template [3ms]
2026-09-16 18:44:09.536 [info] > git for-each-ref --format=%(refname)%00%(upstream:short)%00%(objectname)%00%(upstream:track)%00%(upstream:remotename)%00%(upstream:remoteref) refs/heads/main refs/remotes/main [3ms]
2026-09-16 18:44:09.544 [info] > git for-each-ref --sort -committerdate --format %(refname) %(objectname) %(*objectname) [3ms]
2026-09-16 18:44:09.556 [info] > git status -z -uall [17ms]
2026-09-16 18:44:14.565 [info] > git config --get commit.template [3ms]
2026-09-16 18:44:14.568 [info] > git for-each-ref --format=%(refname)%00%(upstream:short)%00%(objectname)%00%(upstream:track)%00%(upstream:remotename)%00%(upstream:remoteref) refs/heads/main refs/remotes/main [3ms]
2026-09-16 18:44:14.577 [info] > git for-each-ref --sort -committerdate --format %(refname) %(objectname) %(*objectname) [2ms]
2026-09-16 18:44:14.587 [info] > git status -z -uall [17ms]
2026-09-16 18:44:19.597 [info] > git config --get commit.template [3ms]
2026-09-16 18:44:19.599 [info] > git for-each-ref --format=%(refname)%00%(upstream:short)%00%(objectname)%00%(upstream:track)%00%(upstream:remotename)%00%(upstream:remoteref) refs/heads/main refs/remotes/main [3ms]
2026-09-16 18:44:19.608 [info] > git for-each-ref --sort -committerdate --format %(refname) %(objectname) %(*objectname) [4ms]
2026-09-16 18:44:19.618 [info] > git status -z -uall [17ms]
2026-09-16 18:44:24.628 [info] > git config --get commit.template [3ms]
2026-09-16 18:44:24.629 [info] > git for-each-ref --format=%(refname)%00%(upstream:short)%00%(objectname)%00%(upstream:track)%00%(upstream:remotename)%00%(upstream:remoteref) refs/heads/main refs/remotes/main [2ms]
2026-09-16 18:44:24.638 [info] > git for-each-ref --sort -committerdate --format %(refname) %(objectname) %(*objectname) [4ms]
2026-09-16 18:44:24.649 [info] > git status -z -uall [18ms]
2026-09-16 18:44:29.659 [info] > git config --get commit.template [2ms]
2026-09-16 18:44:29.660 [info] > git for-each-ref --format=%(refname)%00%(upstream:short)%00%(objectname)%00%(upstream:track)%00%(upstream:remotename)%00%(upstream:remoteref) refs/heads/main refs/remotes/main [2ms]
2026-09-16 18:44:29.669 [info] > git for-each-ref --sort -committerdate --format %(refname) %(objectname) %(*objectname) [3ms]
2026-09-16 18:44:29.682 [info] > git status -z -uall [19ms]
2026-09-16 18:44:34.691 [info] > git config --get commit.template [4ms]
2026-09-16 18:44:34.692 [info] > git for-each-ref --format=%(refname)%00%(upstream:short)%00%(objectname)%00%(upstream:track)%00%(upstream:remotename)%00%(upstream:remoteref) refs/heads/main refs/remotes/main [2ms]
2026-09-16 18:44:34.700 [info] > git for-each-ref --sort -committerdate --format %(refname) %(objectname) %(*objectname) [3ms]
2026-09-16 18:44:34.715 [info] > git status -z -uall [20ms]
2026-09-16 18:44:39.725 [info] > git config --get commit.template [3ms]
2026-09-16 18:44:39.727 [info] > git for-each-ref --format=%(refname)%00%(upstream:short)%00%(objectname)%00%(upstream:track)%00%(upstream:remotename)%00%(upstream:remoteref) refs/heads/main refs/remotes/main [3ms]
2026-09-16 18:44:39.735 [info] > git for-each-ref --sort -committerdate --format %(refname) %(objectname) %(*objectname) [4ms]
2026-09-16 18:44:39.746 [info] > git status -z -uall [17ms]
2026-09-16 18:44:44.756 [info] > git config --get commit.template [3ms]
2026-09-16 18:44:44.757 [info] > git for-each-ref --format=%(refname)%00%(upstream:short)%00%(objectname)%00%(upstream:track)%00%(upstream:remotename)%00%(upstream:remoteref) refs/heads/main refs/remotes/main [2ms]
2026-09-16 18:44:44.765 [info] > git for-each-ref --sort -committerdate --format %(refname) %(objectname) %(*objectname) [2ms]
2026-09-16 18:44:44.778 [info] > git status -z -uall [18ms]
2026-09-16 18:44:49.787 [info] > git config --get commit.template [3ms]
2026-09-16 18:44:49.788 [info] > git for-each-ref --format=%(refname)%00%(upstream:short)%00%(objectname)%00%(upstream:track)%00%(upstream:remotename)%00%(upstream:remoteref) refs/heads/main refs/remotes/main [2ms]
2026-09-16 18:44:49.797 [info] > git for-each-ref --sort -committerdate --format %(refname) %(objectname) %(*objectname) [4ms]
2026-09-16 18:44:49.807 [info] > git status -z -uall [16ms]
2026-09-16 18:44:54.815 [info] > git config --get commit.template [4ms]
2026-09-16 18:44:54.818 [info] > git for-each-ref --format=%(refname)%00%(upstream:short)%00%(objectname)%00%(upstream:track)%00%(upstream:remotename)%00%(upstream:remoteref) refs/heads/main refs/remotes/main [4ms]
2026-09-16 18:44:54.825 [info] > git for-each-ref --sort -committerdate --format %(refname) %(objectname) %(*objectname) [2ms]
2026-09-16 18:44:54.838 [info] > git status -z -uall [18ms]
2026-09-16 18:44:59.845 [info] > git config --get commit.template [3ms]
2026-09-16 18:44:59.846 [info] > git for-each-ref --format=%(refname)%00%(upstream:short)%00%(objectname)%00%(upstream:track)%00%(upstream:remotename)%00%(upstream:remoteref) refs/heads/main refs/remotes/main [2ms]
2026-09-16 18:44:59.854 [info] > git for-each-ref --sort -committerdate --format %(refname) %(objectname) %(*objectname) [3ms]
2026-09-16 18:44:59.866 [info] > git status -z -uall [17ms]
2026-09-16 18:45:04.874 [info] > git config --get commit.template [3ms]
2026-09-16 18:45:04.876 [info] > git for-each-ref --format=%(refname)%00%(upstream:short)%00%(objectname)%00%(upstream:track)%00%(upstream:remotename)%00%(upstream:remoteref) refs/heads/main refs/remotes/main [2ms]
2026-09-16 18:45:04.884 [info] > git for-each-ref --sort -committerdate --format %(refname) %(objectname) %(*objectname) [4ms]
2026-09-16 18:45:04.894 [info] > git status -z -uall [16ms]
2026-09-16 18:45:09.903 [info] > git config --get commit.template [3ms]
2026-09-16 18:45:09.904 [info] > git for-each-ref --format=%(refname)%00%(upstream:short)%00%(objectname)%00%(upstream:track)%00%(upstream:remotename)%00%(upstream:remoteref) refs/heads/main refs/remotes/main [2ms]
2026-09-16 18:45:09.912 [info] > git for-each-ref --sort -committerdate --format %(refname) %(objectname) %(*objectname) [3ms]
2026-09-16 18:45:09.923 [info] > git status -z -uall [16ms]
2026-09-16 18:45:14.931 [info] > git config --get commit.template [3ms]
2026-09-16 18:45:14.933 [info] > git for-each-ref --format=%(refname)%00%(upstream:short)%00%(objectname)%00%(upstream:track)%00%(upstream:remotename)%00%(upstream:remoteref) refs/heads/main refs/remotes/main [2ms]
2026-09-16 18:45:14.942 [info] > git for-each-ref --sort -committerdate --format %(refname) %(objectname) %(*objectname) [4ms]
2026-09-16 18:45:14.954 [info] > git status -z -uall [18ms]
2026-09-16 18:45:19.959 [info] > git config --get commit.template [3ms]
2026-09-16 18:45:19.962 [info] > git for-each-ref --format=%(refname)%00%(upstream:short)%00%(objectname)%00%(upstream:track)%00%(upstream:remotename)%00%(upstream:remoteref) refs/heads/main refs/remotes/main [4ms]
2026-09-16 18:45:19.970 [info] > git for-each-ref --sort -committerdate --format %(refname) %(objectname) %(*objectname) [0ms]
2026-09-16 18:45:19.983 [info] > git status -z -uall [18ms]
2026-09-16 18:45:24.992 [info] > git config --get commit.template [3ms]
2026-09-16 18:45:24.994 [info] > git for-each-ref --format=%(refname)%00%(upstream:short)%00%(objectname)%00%(upstream:track)%00%(upstream:remotename)%00%(upstream:remoteref) refs/heads/main refs/remotes/main [3ms]
2026-09-16 18:45:25.002 [info] > git for-each-ref --sort -committerdate --format %(refname) %(objectname) %(*objectname) [3ms]
2026-09-16 18:45:25.015 [info] > git status -z -uall [18ms]
2026-09-16 18:45:30.023 [info] > git config --get commit.template [4ms]
2026-09-16 18:45:30.024 [info] > git for-each-ref --format=%(refname)%00%(upstream:short)%00%(objectname)%00%(upstream:track)%00%(upstream:remotename)%00%(upstream:remoteref) refs/heads/main refs/remotes/main [2ms]
2026-09-16 18:45:30.032 [info] > git for-each-ref --sort -committerdate --format %(refname) %(objectname) %(*objectname) [3ms]
2026-09-16 18:45:30.045 [info] > git status -z -uall [19ms]
2026-09-16 18:45:35.054 [info] > git config --get commit.template [3ms]
2026-09-16 18:45:35.057 [info] > git for-each-ref --format=%(refname)%00%(upstream:short)%00%(objectname)%00%(upstream:track)%00%(upstream:remotename)%00%(upstream:remoteref) refs/heads/main refs/remotes/main [2ms]
2026-09-16 18:45:35.064 [info] > git for-each-ref --sort -committerdate --format %(refname) %(objectname) %(*objectname) [3ms]
2026-09-16 18:45:35.080 [info] > git status -z -uall [21ms]
2026-09-16 18:45:40.089 [info] > git config --get commit.template [5ms]
2026-09-16 18:45:40.090 [info] > git for-each-ref --format=%(refname)%00%(upstream:short)%00%(objectname)%00%(upstream:track)%00%(upstream:remotename)%00%(upstream:remoteref) refs/heads/main refs/remotes/main [3ms]
2026-09-16 18:45:40.101 [info] > git for-each-ref --sort -committerdate --format %(refname) %(objectname) %(*objectname) [6ms]
2026-09-16 18:45:40.113 [info] > git status -z -uall [21ms]
2026-09-16 18:45:45.122 [info] > git config --get commit.template [3ms]
2026-09-16 18:45:45.124 [info] > git for-each-ref --format=%(refname)%00%(upstream:short)%00%(objectname)%00%(upstream:track)%00%(upstream:remotename)%00%(upstream:remoteref) refs/heads/main refs/remotes/main [2ms]
2026-09-16 18:45:45.131 [info] > git for-each-ref --sort -committerdate --format %(refname) %(objectname) %(*objectname) [3ms]
2026-09-16 18:45:45.142 [info] > git status -z -uall [16ms]
2026-09-16 18:45:50.152 [info] > git config --get commit.template [3ms]
2026-09-16 18:45:50.153 [info] > git for-each-ref --format=%(refname)%00%(upstream:short)%00%(objectname)%00%(upstream:track)%00%(upstream:remotename)%00%(upstream:remoteref) refs/heads/main refs/remotes/main [2ms]
2026-09-16 18:45:50.161 [info] > git for-each-ref --sort -committerdate --format %(refname) %(objectname) %(*objectname) [3ms]
2026-09-16 18:45:50.172 [info] > git status -z -uall [17ms]
2026-09-16 18:45:55.181 [info] > git config --get commit.template [4ms]
2026-09-16 18:45:55.183 [info] > git for-each-ref --format=%(refname)%00%(upstream:short)%00%(objectname)%00%(upstream:track)%00%(upstream:remotename)%00%(upstream:remoteref) refs/heads/main refs/remotes/main [3ms]
2026-09-16 18:45:55.191 [info] > git for-each-ref --sort -committerdate --format %(refname) %(objectname) %(*objectname) [3ms]
2026-09-16 18:45:55.204 [info] > git status -z -uall [19ms]
2026-09-16 18:46:25.456 [info] > git config --get commit.template [3ms]
2026-09-16 18:46:25.458 [info] > git for-each-ref --format=%(refname)%00%(upstream:short)%00%(objectname)%00%(upstream:track)%00%(upstream:remotename)%00%(upstream:remoteref) refs/heads/main refs/remotes/main [3ms]
2026-09-16 18:46:25.465 [info] > git for-each-ref --sort -committerdate --format %(refname) %(objectname) %(*objectname) [3ms]
2026-09-16 18:46:25.478 [info] > git status -z -uall [18ms]
2026-09-16 18:46:55.905 [info] > git config --get commit.template [4ms]
2026-09-16 18:46:55.906 [info] > git for-each-ref --format=%(refname)%00%(upstream:short)%00%(objectname)%00%(upstream:track)%00%(upstream:remotename)%00%(upstream:remoteref) refs/heads/main refs/remotes/main [2ms]
2026-09-16 18:46:55.914 [info] > git for-each-ref --sort -committerdate --format %(refname) %(objectname) %(*objectname) [3ms]
2026-09-16 18:46:55.930 [info] > git status -z -uall [22ms]
2026-09-16 18:47:00.940 [info] > git config --get commit.template [3ms]
2026-09-16 18:47:00.942 [info] > git for-each-ref --format=%(refname)%00%(upstream:short)%00%(objectname)%00%(upstream:track)%00%(upstream:remotename)%00%(upstream:remoteref) refs/heads/main refs/remotes/main [2ms]
2026-09-16 18:47:00.951 [info] > git for-each-ref --sort -committerdate --format %(refname) %(objectname) %(*objectname) [5ms]
2026-09-16 18:47:00.960 [info] > git status -z -uall [16ms]
2026-09-16 18:47:05.968 [info] > git config --get commit.template [3ms]
2026-09-16 18:47:05.970 [info] > git for-each-ref --format=%(refname)%00%(upstream:short)%00%(objectname)%00%(upstream:track)%00%(upstream:remotename)%00%(upstream:remoteref) refs/heads/main refs/remotes/main [2ms]
2026-09-16 18:47:05.978 [info] > git for-each-ref --sort -committerdate --format %(refname) %(objectname) %(*objectname) [4ms]
2026-09-16 18:47:05.988 [info] > git status -z -uall [16ms]
2026-09-16 18:47:10.996 [info] > git config --get commit.template [3ms]
2026-09-16 18:47:10.999 [info] > git for-each-ref --format=%(refname)%00%(upstream:short)%00%(objectname)%00%(upstream:track)%00%(upstream:remotename)%00%(upstream:remoteref) refs/heads/main refs/remotes/main [3ms]
2026-09-16 18:47:11.007 [info] > git for-each-ref --sort -committerdate --format %(refname) %(objectname) %(*objectname) [3ms]
2026-09-16 18:47:11.019 [info] > git status -z -uall [18ms]
2026-09-16 18:47:16.029 [info] > git config --get commit.template [3ms]
2026-09-16 18:47:16.031 [info] > git for-each-ref --format=%(refname)%00%(upstream:short)%00%(objectname)%00%(upstream:track)%00%(upstream:remotename)%00%(upstream:remoteref) refs/heads/main refs/remotes/main [3ms]
2026-09-16 18:47:16.038 [info] > git for-each-ref --sort -committerdate --format %(refname) %(objectname) %(*objectname) [3ms]
2026-09-16 18:47:16.051 [info] > git status -z -uall [18ms]
2026-09-16 18:47:21.061 [info] > git config --get commit.template [3ms]
2026-09-16 18:47:21.063 [info] > git for-each-ref --format=%(refname)%00%(upstream:short)%00%(objectname)%00%(upstream:track)%00%(upstream:remotename)%00%(upstream:remoteref) refs/heads/main refs/remotes/main [3ms]
2026-09-16 18:47:21.070 [info] > git for-each-ref --sort -committerdate --format %(refname) %(objectname) %(*objectname) [2ms]
2026-09-16 18:47:21.084 [info] > git status -z -uall [19ms]
2026-09-16 18:47:26.091 [info] > git config --get commit.template [3ms]
2026-09-16 18:47:26.092 [info] > git for-each-ref --format=%(refname)%00%(upstream:short)%00%(objectname)%00%(upstream:track)%00%(upstream:remotename)%00%(upstream:remoteref) refs/heads/main refs/remotes/main [2ms]
2026-09-16 18:47:26.100 [info] > git for-each-ref --sort -committerdate --format %(refname) %(objectname) %(*objectname) [3ms]
2026-09-16 18:47:26.112 [info] > git status -z -uall [17ms]
2026-09-16 18:47:31.121 [info] > git config --get commit.template [3ms]
2026-09-16 18:47:31.124 [info] > git for-each-ref --format=%(refname)%00%(upstream:short)%00%(objectname)%00%(upstream:track)%00%(upstream:remotename)%00%(upstream:remoteref) refs/heads/main refs/remotes/main [3ms]
2026-09-16 18:47:31.134 [info] > git for-each-ref --sort -committerdate --format %(refname) %(objectname) %(*objectname) [5ms]
2026-09-16 18:47:31.143 [info] > git status -z -uall [17ms]
2026-09-16 18:47:36.152 [info] > git config --get commit.template [3ms]
2026-09-16 18:47:36.154 [info] > git for-each-ref --format=%(refname)%00%(upstream:short)%00%(objectname)%00%(upstream:track)%00%(upstream:remotename)%00%(upstream:remoteref) refs/heads/main refs/remotes/main [3ms]
2026-09-16 18:47:36.162 [info] > git for-each-ref --sort -committerdate --format %(refname) %(objectname) %(*objectname) [3ms]
2026-09-16 18:47:36.173 [info] > git status -z -uall [17ms]
2026-09-16 18:47:41.183 [info] > git config --get commit.template [3ms]
2026-09-16 18:47:41.185 [info] > git for-each-ref --format=%(refname)%00%(upstream:short)%00%(objectname)%00%(upstream:track)%00%(upstream:remotename)%00%(upstream:remoteref) refs/heads/main refs/remotes/main [2ms]
2026-09-16 18:47:41.193 [info] > git for-each-ref --sort -committerdate --format %(refname) %(objectname) %(*objectname) [3ms]
2026-09-16 18:47:41.205 [info] > git status -z -uall [18ms]
2026-09-16 18:47:46.213 [info] > git config --get commit.template [3ms]
2026-09-16 18:47:46.215 [info] > git for-each-ref --format=%(refname)%00%(upstream:short)%00%(objectname)%00%(upstream:track)%00%(upstream:remotename)%00%(upstream:remoteref) refs/heads/main refs/remotes/main [2ms]
2026-09-16 18:47:46.224 [info] > git for-each-ref --sort -committerdate --format %(refname) %(objectname) %(*objectname) [4ms]
2026-09-16 18:47:46.234 [info] > git status -z -uall [17ms]
2026-09-16 18:47:51.241 [info] > git config --get commit.template [3ms]
2026-09-16 18:47:51.243 [info] > git for-each-ref --format=%(refname)%00%(upstream:short)%00%(objectname)%00%(upstream:track)%00%(upstream:remotename)%00%(upstream:remoteref) refs/heads/main refs/remotes/main [2ms]
2026-09-16 18:47:51.251 [info] > git for-each-ref --sort -committerdate --format %(refname) %(objectname) %(*objectname) [3ms]
2026-09-16 18:47:51.263 [info] > git status -z -uall [18ms]
2026-09-16 18:47:56.270 [info] > git config --get commit.template [4ms]
2026-09-16 18:47:56.271 [info] > git for-each-ref --format=%(refname)%00%(upstream:short)%00%(objectname)%00%(upstream:track)%00%(upstream:remotename)%00%(upstream:remoteref) refs/heads/main refs/remotes/main [2ms]
2026-09-16 18:47:56.279 [info] > git for-each-ref --sort -committerdate --format %(refname) %(objectname) %(*objectname) [3ms]
2026-09-16 18:47:56.293 [info] > git status -z -uall [20ms]
2026-09-16 18:48:01.302 [info] > git config --get commit.template [3ms]
2026-09-16 18:48:01.303 [info] > git for-each-ref --format=%(refname)%00%(upstream:short)%00%(objectname)%00%(upstream:track)%00%(upstream:remotename)%00%(upstream:remoteref) refs/heads/main refs/remotes/main [2ms]
2026-09-16 18:48:01.311 [info] > git for-each-ref --sort -committerdate --format %(refname) %(objectname) %(*objectname) [3ms]
2026-09-16 18:48:01.323 [info] > git status -z -uall [17ms]
2026-09-16 18:48:06.329 [info] > git config --get commit.template [3ms]
2026-09-16 18:48:06.331 [info] > git for-each-ref --format=%(refname)%00%(upstream:short)%00%(objectname)%00%(upstream:track)%00%(upstream:remotename)%00%(upstream:remoteref) refs/heads/main refs/remotes/main [2ms]
2026-09-16 18:48:06.342 [info] > git for-each-ref --sort -committerdate --format %(refname) %(objectname) %(*objectname) [5ms]
2026-09-16 18:48:06.354 [info] > git status -z -uall [20ms]
2026-09-16 18:48:11.362 [info] > git config --get commit.template [3ms]
2026-09-16 18:48:11.364 [info] > git for-each-ref --format=%(refname)%00%(upstream:short)%00%(objectname)%00%(upstream:track)%00%(upstream:remotename)%00%(upstream:remoteref) refs/heads/main refs/remotes/main [3ms]
2026-09-16 18:48:11.371 [info] > git for-each-ref --sort -committerdate --format %(refname) %(objectname) %(*objectname) [2ms]
2026-09-16 18:48:11.383 [info] > git status -z -uall [17ms]
2026-09-16 18:48:16.394 [info] > git config --get commit.template [4ms]
2026-09-16 18:48:16.396 [info] > git for-each-ref --format=%(refname)%00%(upstream:short)%00%(objectname)%00%(upstream:track)%00%(upstream:remotename)%00%(upstream:remoteref) refs/heads/main refs/remotes/main [3ms]
2026-09-16 18:48:16.405 [info] > git for-each-ref --sort -committerdate --format %(refname) %(objectname) %(*objectname) [4ms]
2026-09-16 18:48:16.415 [info] > git status -z -uall [17ms]
2026-09-16 18:48:21.422 [info] > git config --get commit.template [3ms]
2026-09-16 18:48:21.424 [info] > git for-each-ref --format=%(refname)%00%(upstream:short)%00%(objectname)%00%(upstream:track)%00%(upstream:remotename)%00%(upstream:remoteref) refs/heads/main refs/remotes/main [2ms]
2026-09-16 18:48:21.432 [info] > git for-each-ref --sort -committerdate --format %(refname) %(objectname) %(*objectname) [3ms]
2026-09-16 18:48:21.444 [info] > git status -z -uall [17ms]
2026-09-16 18:48:26.454 [info] > git config --get commit.template [4ms]
2026-09-16 18:48:26.455 [info] > git for-each-ref --format=%(refname)%00%(upstream:short)%00%(objectname)%00%(upstream:track)%00%(upstream:remotename)%00%(upstream:remoteref) refs/heads/main refs/remotes/main [2ms]
2026-09-16 18:48:26.463 [info] > git for-each-ref --sort -committerdate --format %(refname) %(objectname) %(*objectname) [3ms]
2026-09-16 18:48:26.475 [info] > git status -z -uall [17ms]
2026-09-16 18:48:31.485 [info] > git config --get commit.template [2ms]
2026-09-16 18:48:31.487 [info] > git for-each-ref --format=%(refname)%00%(upstream:short)%00%(objectname)%00%(upstream:track)%00%(upstream:remotename)%00%(upstream:remoteref) refs/heads/main refs/remotes/main [2ms]
2026-09-16 18:48:31.496 [info] > git for-each-ref --sort -committerdate --format %(refname) %(objectname) %(*objectname) [4ms]
2026-09-16 18:48:31.508 [info] > git status -z -uall [19ms]
2026-09-16 18:48:36.516 [info] > git config --get commit.template [3ms]
2026-09-16 18:48:36.518 [info] > git for-each-ref --format=%(refname)%00%(upstream:short)%00%(objectname)%00%(upstream:track)%00%(upstream:remotename)%00%(upstream:remoteref) refs/heads/main refs/remotes/main [2ms]
2026-09-16 18:48:36.526 [info] > git for-each-ref --sort -committerdate --format %(refname) %(objectname) %(*objectname) [2ms]
2026-09-16 18:48:36.538 [info] > git status -z -uall [18ms]
2026-09-16 18:48:41.546 [info] > git config --get commit.template [4ms]
2026-09-16 18:48:41.547 [info] > git for-each-ref --format=%(refname)%00%(upstream:short)%00%(objectname)%00%(upstream:track)%00%(upstream:remotename)%00%(upstream:remoteref) refs/heads/main refs/remotes/main [2ms]
2026-09-16 18:48:41.556 [info] > git for-each-ref --sort -committerdate --format %(refname) %(objectname) %(*objectname) [4ms]
2026-09-16 18:48:41.567 [info] > git status -z -uall [17ms]
2026-09-16 18:48:46.574 [info] > git config --get commit.template [4ms]
2026-09-16 18:48:46.576 [info] > git for-each-ref --format=%(refname)%00%(upstream:short)%00%(objectname)%00%(upstream:track)%00%(upstream:remotename)%00%(upstream:remoteref) refs/heads/main refs/remotes/main [2ms]
2026-09-16 18:48:46.585 [info] > git for-each-ref --sort -committerdate --format %(refname) %(objectname) %(*objectname) [3ms]
2026-09-16 18:48:46.599 [info] > git status -z -uall [20ms]
2026-09-16 18:48:51.607 [info] > git config --get commit.template [3ms]
2026-09-16 18:48:51.608 [info] > git for-each-ref --format=%(refname)%00%(upstream:short)%00%(objectname)%00%(upstream:track)%00%(upstream:remotename)%00%(upstream:remoteref) refs/heads/main refs/remotes/main [1ms]
2026-09-16 18:48:51.616 [info] > git for-each-ref --sort -committerdate --format %(refname) %(objectname) %(*objectname) [3ms]
2026-09-16 18:48:51.627 [info] > git status -z -uall [16ms]
2026-09-16 18:48:56.638 [info] > git config --get commit.template [3ms]
2026-09-16 18:48:56.640 [info] > git for-each-ref --format=%(refname)%00%(upstream:short)%00%(objectname)%00%(upstream:track)%00%(upstream:remotename)%00%(upstream:remoteref) refs/heads/main refs/remotes/main [2ms]
2026-09-16 18:48:56.647 [info] > git for-each-ref --sort -committerdate --format %(refname) %(objectname) %(*objectname) [3ms]
2026-09-16 18:48:56.665 [info] > git status -z -uall [23ms]
2026-09-16 18:49:01.674 [info] > git config --get commit.template [3ms]
2026-09-16 18:49:01.675 [info] > git for-each-ref --format=%(refname)%00%(upstream:short)%00%(objectname)%00%(upstream:track)%00%(upstream:remotename)%00%(upstream:remoteref) refs/heads/main refs/remotes/main [2ms]
2026-09-16 18:49:01.685 [info] > git for-each-ref --sort -committerdate --format %(refname) %(objectname) %(*objectname) [5ms]
2026-09-16 18:49:01.695 [info] > git status -z -uall [17ms]
2026-09-16 18:49:06.706 [info] > git config --get commit.template [2ms]
2026-09-16 18:49:06.707 [info] > git for-each-ref --format=%(refname)%00%(upstream:short)%00%(objectname)%00%(upstream:track)%00%(upstream:remotename)%00%(upstream:remoteref) refs/heads/main refs/remotes/main [2ms]
2026-09-16 18:49:06.715 [info] > git for-each-ref --sort -committerdate --format %(refname) %(objectname) %(*objectname) [3ms]
2026-09-16 18:49:06.726 [info] > git status -z -uall [16ms]
2026-09-16 18:49:11.735 [info] > git config --get commit.template [2ms]
2026-09-16 18:49:11.736 [info] > git for-each-ref --format=%(refname)%00%(upstream:short)%00%(objectname)%00%(upstream:track)%00%(upstream:remotename)%00%(upstream:remoteref) refs/heads/main refs/remotes/main [2ms]
2026-09-16 18:49:11.743 [info] > git for-each-ref --sort -committerdate --format %(refname) %(objectname) %(*objectname) [2ms]
2026-09-16 18:49:11.755 [info] > git status -z -uall [17ms]
2026-09-16 18:49:16.765 [info] > git config --get commit.template [3ms]
2026-09-16 18:49:16.766 [info] > git for-each-ref --format=%(refname)%00%(upstream:short)%00%(objectname)%00%(upstream:track)%00%(upstream:remotename)%00%(upstream:remoteref) refs/heads/main refs/remotes/main [2ms]
2026-09-16 18:49:16.773 [info] > git for-each-ref --sort -committerdate --format %(refname) %(objectname) %(*objectname) [2ms]
2026-09-16 18:49:16.785 [info] > git status -z -uall [17ms]
2026-09-16 18:49:21.795 [info] > git config --get commit.template [3ms]
2026-09-16 18:49:21.796 [info] > git for-each-ref --format=%(refname)%00%(upstream:short)%00%(objectname)%00%(upstream:track)%00%(upstream:remotename)%00%(upstream:remoteref) refs/heads/main refs/remotes/main [2ms]
2026-09-16 18:49:21.803 [info] > git for-each-ref --sort -committerdate --format %(refname) %(objectname) %(*objectname) [1ms]
2026-09-16 18:49:21.815 [info] > git status -z -uall [17ms]
2026-09-16 18:49:26.825 [info] > git config --get commit.template [3ms]
2026-09-16 18:49:26.827 [info] > git for-each-ref --format=%(refname)%00%(upstream:short)%00%(objectname)%00%(upstream:track)%00%(upstream:remotename)%00%(upstream:remoteref) refs/heads/main refs/remotes/main [2ms]
2026-09-16 18:49:26.835 [info] > git for-each-ref --sort -committerdate --format %(refname) %(objectname) %(*objectname) [4ms]
2026-09-16 18:49:26.846 [info] > git status -z -uall [17ms]
2026-09-16 18:49:31.856 [info] > git config --get commit.template [3ms]
2026-09-16 18:49:31.858 [info] > git for-each-ref --format=%(refname)%00%(upstream:short)%00%(objectname)%00%(upstream:track)%00%(upstream:remotename)%00%(upstream:remoteref) refs/heads/main refs/remotes/main [3ms]
2026-09-16 18:49:31.865 [info] > git for-each-ref --sort -committerdate --format %(refname) %(objectname) %(*objectname) [3ms]
2026-09-16 18:49:31.876 [info] > git status -z -uall [16ms]
2026-09-16 18:49:36.887 [info] > git config --get commit.template [4ms]
2026-09-16 18:49:36.888 [info] > git for-each-ref --format=%(refname)%00%(upstream:short)%00%(objectname)%00%(upstream:track)%00%(upstream:remotename)%00%(upstream:remoteref) refs/heads/main refs/remotes/main [2ms]
2026-09-16 18:49:36.896 [info] > git for-each-ref --sort -committerdate --format %(refname) %(objectname) %(*objectname) [3ms]
2026-09-16 18:49:36.908 [info] > git status -z -uall [17ms]
2026-09-16 18:49:41.917 [info] > git config --get commit.template [3ms]
2026-09-16 18:49:41.919 [info] > git for-each-ref --format=%(refname)%00%(upstream:short)%00%(objectname)%00%(upstream:track)%00%(upstream:remotename)%00%(upstream:remoteref) refs/heads/main refs/remotes/main [3ms]
2026-09-16 18:49:41.926 [info] > git for-each-ref --sort -committerdate --format %(refname) %(objectname) %(*objectname) [3ms]
2026-09-16 18:49:41.938 [info] > git status -z -uall [17ms]
2026-09-16 18:49:46.947 [info] > git config --get commit.template [2ms]
2026-09-16 18:49:46.949 [info] > git for-each-ref --format=%(refname)%00%(upstream:short)%00%(objectname)%00%(upstream:track)%00%(upstream:remotename)%00%(upstream:remoteref) refs/heads/main refs/remotes/main [2ms]
2026-09-16 18:49:46.958 [info] > git for-each-ref --sort -committerdate --format %(refname) %(objectname) %(*objectname) [5ms]
2026-09-16 18:49:46.968 [info] > git status -z -uall [17ms]
2026-09-16 18:49:51.978 [info] > git config --get commit.template [3ms]
2026-09-16 18:49:51.980 [info] > git for-each-ref --format=%(refname)%00%(upstream:short)%00%(objectname)%00%(upstream:track)%00%(upstream:remotename)%00%(upstream:remoteref) refs/heads/main refs/remotes/main [3ms]
2026-09-16 18:49:51.987 [info] > git for-each-ref --sort -committerdate --format %(refname) %(objectname) %(*objectname) [3ms]
2026-09-16 18:49:51.998 [info] > git status -z -uall [16ms]
2026-09-16 18:49:57.008 [info] > git config --get commit.template [4ms]
2026-09-16 18:49:57.010 [info] > git for-each-ref --format=%(refname)%00%(upstream:short)%00%(objectname)%00%(upstream:track)%00%(upstream:remotename)%00%(upstream:remoteref) refs/heads/main refs/remotes/main [3ms]
2026-09-16 18:49:57.019 [info] > git for-each-ref --sort -committerdate --format %(refname) %(objectname) %(*objectname) [4ms]
2026-09-16 18:49:57.034 [info] > git status -z -uall [22ms]
2026-09-16 18:50:02.042 [info] > git config --get commit.template [3ms]
2026-09-16 18:50:02.044 [info] > git for-each-ref --format=%(refname)%00%(upstream:short)%00%(objectname)%00%(upstream:track)%00%(upstream:remotename)%00%(upstream:remoteref) refs/heads/main refs/remotes/main [3ms]
2026-09-16 18:50:02.050 [info] > git for-each-ref --sort -committerdate --format %(refname) %(objectname) %(*objectname) [2ms]
2026-09-16 18:50:02.064 [info] > git status -z -uall [18ms]
2026-09-16 18:50:07.073 [info] > git config --get commit.template [3ms]
2026-09-16 18:50:07.075 [info] > git for-each-ref --format=%(refname)%00%(upstream:short)%00%(objectname)%00%(upstream:track)%00%(upstream:remotename)%00%(upstream:remoteref) refs/heads/main refs/remotes/main [2ms]
2026-09-16 18:50:07.086 [info] > git for-each-ref --sort -committerdate --format %(refname) %(objectname) %(*objectname) [6ms]
2026-09-16 18:50:07.096 [info] > git status -z -uall [19ms]
2026-09-16 18:50:12.106 [info] > git config --get commit.template [3ms]
2026-09-16 18:50:12.111 [info] > git for-each-ref --format=%(refname)%00%(upstream:short)%00%(objectname)%00%(upstream:track)%00%(upstream:remotename)%00%(upstream:remoteref) refs/heads/main refs/remotes/main [3ms]
2026-09-16 18:50:12.118 [info] > git for-each-ref --sort -committerdate --format %(refname) %(objectname) %(*objectname) [2ms]
2026-09-16 18:50:12.133 [info] > git status -z -uall [19ms]
2026-09-16 18:50:17.141 [info] > git config --get commit.template [3ms]
2026-09-16 18:50:17.143 [info] > git for-each-ref --format=%(refname)%00%(upstream:short)%00%(objectname)%00%(upstream:track)%00%(upstream:remotename)%00%(upstream:remoteref) refs/heads/main refs/remotes/main [3ms]
2026-09-16 18:50:17.150 [info] > git for-each-ref --sort -committerdate --format %(refname) %(objectname) %(*objectname) [3ms]
2026-09-16 18:50:17.162 [info] > git status -z -uall [17ms]
2026-09-16 18:50:22.173 [info] > git config --get commit.template [3ms]
2026-09-16 18:50:22.174 [info] > git for-each-ref --format=%(refname)%00%(upstream:short)%00%(objectname)%00%(upstream:track)%00%(upstream:remotename)%00%(upstream:remoteref) refs/heads/main refs/remotes/main [2ms]
2026-09-16 18:50:22.184 [info] > git for-each-ref --sort -committerdate --format %(refname) %(objectname) %(*objectname) [4ms]
2026-09-16 18:50:22.195 [info] > git status -z -uall [18ms]
2026-09-16 18:50:27.205 [info] > git config --get commit.template [2ms]
2026-09-16 18:50:27.207 [info] > git for-each-ref --format=%(refname)%00%(upstream:short)%00%(objectname)%00%(upstream:track)%00%(upstream:remotename)%00%(upstream:remoteref) refs/heads/main refs/remotes/main [2ms]
2026-09-16 18:50:27.215 [info] > git for-each-ref --sort -committerdate --format %(refname) %(objectname) %(*objectname) [3ms]
2026-09-16 18:50:27.226 [info] > git status -z -uall [17ms]
2026-09-16 18:50:32.236 [info] > git config --get commit.template [3ms]
2026-09-16 18:50:32.238 [info] > git for-each-ref --format=%(refname)%00%(upstream:short)%00%(objectname)%00%(upstream:track)%00%(upstream:remotename)%00%(upstream:remoteref) refs/heads/main refs/remotes/main [3ms]
2026-09-16 18:50:32.245 [info] > git for-each-ref --sort -committerdate --format %(refname) %(objectname) %(*objectname) [3ms]
2026-09-16 18:50:32.257 [info] > git status -z -uall [17ms]
2026-09-16 18:50:37.266 [info] > git config --get commit.template [3ms]
2026-09-16 18:50:37.268 [info] > git for-each-ref --format=%(refname)%00%(upstream:short)%00%(objectname)%00%(upstream:track)%00%(upstream:remotename)%00%(upstream:remoteref) refs/heads/main refs/remotes/main [2ms]
2026-09-16 18:50:37.277 [info] > git for-each-ref --sort -committerdate --format %(refname) %(objectname) %(*objectname) [5ms]
2026-09-16 18:50:37.287 [info] > git status -z -uall [17ms]
2026-09-16 18:50:42.296 [info] > git config --get commit.template [3ms]
2026-09-16 18:50:42.298 [info] > git for-each-ref --format=%(refname)%00%(upstream:short)%00%(objectname)%00%(upstream:track)%00%(upstream:remotename)%00%(upstream:remoteref) refs/heads/main refs/remotes/main [3ms]
2026-09-16 18:50:42.306 [info] > git for-each-ref --sort -committerdate --format %(refname) %(objectname) %(*objectname) [4ms]
2026-09-16 18:50:42.317 [info] > git status -z -uall [17ms]
2026-09-16 18:50:47.325 [info] > git config --get commit.template [3ms]
2026-09-16 18:50:47.327 [info] > git for-each-ref --format=%(refname)%00%(upstream:short)%00%(objectname)%00%(upstream:track)%00%(upstream:remotename)%00%(upstream:remoteref) refs/heads/main refs/remotes/main [2ms]
2026-09-16 18:50:47.333 [info] > git for-each-ref --sort -committerdate --format %(refname) %(objectname) %(*objectname) [2ms]
2026-09-16 18:50:47.346 [info] > git status -z -uall [18ms]
2026-09-16 18:50:52.355 [info] > git config --get commit.template [3ms]
2026-09-16 18:50:52.357 [info] > git for-each-ref --format=%(refname)%00%(upstream:short)%00%(objectname)%00%(upstream:track)%00%(upstream:remotename)%00%(upstream:remoteref) refs/heads/main refs/remotes/main [2ms]
2026-09-16 18:50:52.365 [info] > git for-each-ref --sort -committerdate --format %(refname) %(objectname) %(*objectname) [4ms]
2026-09-16 18:50:52.376 [info] > git status -z -uall [17ms]
2026-09-16 18:50:57.383 [info] > git config --get commit.template [3ms]
2026-09-16 18:50:57.385 [info] > git for-each-ref --format=%(refname)%00%(upstream:short)%00%(objectname)%00%(upstream:track)%00%(upstream:remotename)%00%(upstream:remoteref) refs/heads/main refs/remotes/main [2ms]
2026-09-16 18:50:57.394 [info] > git for-each-ref --sort -committerdate --format %(refname) %(objectname) %(*objectname) [4ms]
2026-09-16 18:50:57.408 [info] > git status -z -uall [21ms]
2026-09-16 18:51:02.417 [info] > git config --get commit.template [3ms]
2026-09-16 18:51:02.419 [info] > git for-each-ref --format=%(refname)%00%(upstream:short)%00%(objectname)%00%(upstream:track)%00%(upstream:remotename)%00%(upstream:remoteref) refs/heads/main refs/remotes/main [2ms]
2026-09-16 18:51:02.426 [info] > git for-each-ref --sort -committerdate --format %(refname) %(objectname) %(*objectname) [3ms]
2026-09-16 18:51:02.438 [info] > git status -z -uall [17ms]
2026-09-16 18:51:07.446 [info] > git config --get commit.template [3ms]
2026-09-16 18:51:07.447 [info] > git for-each-ref --format=%(refname)%00%(upstream:short)%00%(objectname)%00%(upstream:track)%00%(upstream:remotename)%00%(upstream:remoteref) refs/heads/main refs/remotes/main [2ms]
2026-09-16 18:51:07.455 [info] > git for-each-ref --sort -committerdate --format %(refname) %(objectname) %(*objectname) [3ms]
2026-09-16 18:51:07.468 [info] > git status -z -uall [18ms]
2026-09-16 18:51:12.476 [info] > git config --get commit.template [3ms]
2026-09-16 18:51:12.477 [info] > git for-each-ref --format=%(refname)%00%(upstream:short)%00%(objectname)%00%(upstream:track)%00%(upstream:remotename)%00%(upstream:remoteref) refs/heads/main refs/remotes/main [2ms]
2026-09-16 18:51:12.486 [info] > git for-each-ref --sort -committerdate --format %(refname) %(objectname) %(*objectname) [4ms]
2026-09-16 18:51:12.497 [info] > git status -z -uall [17ms]
2026-09-16 18:51:19.240 [info] > git config --get commit.template [4ms]
2026-09-16 18:51:19.242 [info] > git for-each-ref --format=%(refname)%00%(upstream:short)%00%(objectname)%00%(upstream:track)%00%(upstream:remotename)%00%(upstream:remoteref) refs/heads/main refs/remotes/main [2ms]
2026-09-16 18:51:19.249 [info] > git for-each-ref --sort -committerdate --format %(refname) %(objectname) %(*objectname) [3ms]
2026-09-16 18:51:19.261 [info] > git status -z -uall [17ms]
2026-09-16 18:51:24.268 [info] > git config --get commit.template [3ms]
2026-09-16 18:51:24.270 [info] > git for-each-ref --format=%(refname)%00%(upstream:short)%00%(objectname)%00%(upstream:track)%00%(upstream:remotename)%00%(upstream:remoteref) refs/heads/main refs/remotes/main [1ms]
2026-09-16 18:51:24.277 [info] > git for-each-ref --sort -committerdate --format %(refname) %(objectname) %(*objectname) [3ms]
2026-09-16 18:51:24.289 [info] > git status -z -uall [17ms]
2026-09-16 18:51:29.296 [info] > git config --get commit.template [3ms]
2026-09-16 18:51:29.297 [info] > git for-each-ref --format=%(refname)%00%(upstream:short)%00%(objectname)%00%(upstream:track)%00%(upstream:remotename)%00%(upstream:remoteref) refs/heads/main refs/remotes/main [2ms]
2026-09-16 18:51:29.305 [info] > git for-each-ref --sort -committerdate --format %(refname) %(objectname) %(*objectname) [3ms]
2026-09-16 18:51:29.316 [info] > git status -z -uall [17ms]
2026-09-16 18:51:35.726 [info] > git config --get commit.template [3ms]
2026-09-16 18:51:35.727 [info] > git for-each-ref --format=%(refname)%00%(upstream:short)%00%(objectname)%00%(upstream:track)%00%(upstream:remotename)%00%(upstream:remoteref) refs/heads/master refs/remotes/master [2ms]
2026-09-16 18:51:35.736 [info] > git for-each-ref --sort -committerdate --format %(refname) %(objectname) %(*objectname) [4ms]
2026-09-16 18:51:35.747 [info] > git status -z -uall [17ms]
2026-09-16 18:51:35.753 [info] > git for-each-ref --format=%(refname)%00%(upstream:short)%00%(objectname)%00%(upstream:track)%00%(upstream:remotename)%00%(upstream:remoteref) refs/heads/master refs/remotes/master [3ms]
2026-09-16 18:51:35.757 [info] > git config --local branch.master.vscode-merge-base [2ms]
2026-09-16 18:51:35.758 [warning] [Git][config] git config failed: Failed to execute git
2026-09-16 18:51:35.762 [info] > git reflog master --grep-reflog=branch: Created from *. [2ms]
2026-09-16 18:51:35.767 [info] > git reflog HEAD --grep-reflog=checkout: moving from .* to master [3ms]
2026-09-16 18:51:35.772 [info] > git for-each-ref --format=%(refname)%00%(upstream:short)%00%(objectname)%00%(upstream:track)%00%(upstream:remotename)%00%(upstream:remoteref) refs/heads/main refs/remotes/main [3ms]
2026-09-16 18:51:35.776 [info] > git symbolic-ref --short refs/remotes/origin/HEAD [2ms]
2026-09-16 18:51:35.776 [info] fatal: ref refs/remotes/origin/HEAD is not a symbolic ref
2026-09-16 18:51:35.776 [warning] [Repository][getDefaultBranch] Failed to get default branch details: Failed to execute git.
2026-09-16 18:51:40.760 [info] > git config --get commit.template [3ms]
2026-09-16 18:51:40.762 [info] > git for-each-ref --format=%(refname)%00%(upstream:short)%00%(objectname)%00%(upstream:track)%00%(upstream:remotename)%00%(upstream:remoteref) refs/heads/master refs/remotes/master [2ms]
2026-09-16 18:51:40.771 [info] > git for-each-ref --sort -committerdate --format %(refname) %(objectname) %(*objectname) [4ms]
2026-09-16 18:51:40.782 [info] > git status -z -uall [18ms]
2026-09-16 18:51:45.791 [info] > git config --get commit.template [2ms]
2026-09-16 18:51:45.792 [info] > git for-each-ref --format=%(refname)%00%(upstream:short)%00%(objectname)%00%(upstream:track)%00%(upstream:remotename)%00%(upstream:remoteref) refs/heads/master refs/remotes/master [2ms]
2026-09-16 18:51:45.801 [info] > git for-each-ref --sort -committerdate --format %(refname) %(objectname) %(*objectname) [4ms]
2026-09-16 18:51:45.812 [info] > git status -z -uall [18ms]
2026-09-16 18:51:50.822 [info] > git config --get commit.template [3ms]
2026-09-16 18:51:50.823 [info] > git for-each-ref --format=%(refname)%00%(upstream:short)%00%(objectname)%00%(upstream:track)%00%(upstream:remotename)%00%(upstream:remoteref) refs/heads/master refs/remotes/master [2ms]
2026-09-16 18:51:50.831 [info] > git for-each-ref --sort -committerdate --format %(refname) %(objectname) %(*objectname) [3ms]
2026-09-16 18:51:50.843 [info] > git status -z -uall [17ms]
2026-09-16 18:51:55.853 [info] > git config --get commit.template [4ms]
2026-09-16 18:51:55.854 [info] > git for-each-ref --format=%(refname)%00%(upstream:short)%00%(objectname)%00%(upstream:track)%00%(upstream:remotename)%00%(upstream:remoteref) refs/heads/master refs/remotes/master [2ms]
2026-09-16 18:51:55.862 [info] > git for-each-ref --sort -committerdate --format %(refname) %(objectname) %(*objectname) [4ms]
2026-09-16 18:51:55.874 [info] > git status -z -uall [18ms]
2026-09-16 18:52:00.882 [info] > git config --get commit.template [4ms]
2026-09-16 18:52:00.884 [info] > git for-each-ref --format=%(refname)%00%(upstream:short)%00%(objectname)%00%(upstream:track)%00%(upstream:remotename)%00%(upstream:remoteref) refs/heads/master refs/remotes/master [2ms]
2026-09-16 18:52:00.893 [info] > git for-each-ref --sort -committerdate --format %(refname) %(objectname) %(*objectname) [3ms]
2026-09-16 18:52:00.908 [info] > git status -z -uall [22ms]
2026-09-16 18:52:05.914 [info] > git config --get commit.template [2ms]
2026-09-16 18:52:05.916 [info] > git for-each-ref --format=%(refname)%00%(upstream:short)%00%(objectname)%00%(upstream:track)%00%(upstream:remotename)%00%(upstream:remoteref) refs/heads/master refs/remotes/master [2ms]
2026-09-16 18:52:05.925 [info] > git for-each-ref --sort -committerdate --format %(refname) %(objectname) %(*objectname) [4ms]
2026-09-16 18:52:05.937 [info] > git status -z -uall [18ms]
2026-09-16 18:52:10.946 [info] > git config --get commit.template [3ms]
2026-09-16 18:52:10.947 [info] > git for-each-ref --format=%(refname)%00%(upstream:short)%00%(objectname)%00%(upstream:track)%00%(upstream:remotename)%00%(upstream:remoteref) refs/heads/master refs/remotes/master [2ms]
2026-09-16 18:52:10.955 [info] > git for-each-ref --sort -committerdate --format %(refname) %(objectname) %(*objectname) [3ms]
2026-09-16 18:52:10.967 [info] > git status -z -uall [16ms]
2026-09-16 18:52:15.973 [info] > git config --get commit.template [3ms]
2026-09-16 18:52:15.975 [info] > git for-each-ref --format=%(refname)%00%(upstream:short)%00%(objectname)%00%(upstream:track)%00%(upstream:remotename)%00%(upstream:remoteref) refs/heads/master refs/remotes/master [2ms]
2026-09-16 18:52:15.982 [info] > git for-each-ref --sort -committerdate --format %(refname) %(objectname) %(*objectname) [3ms]
2026-09-16 18:52:15.995 [info] > git status -z -uall [18ms]
2026-09-16 18:52:21.005 [info] > git config --get commit.template [4ms]
2026-09-16 18:52:21.007 [info] > git for-each-ref --format=%(refname)%00%(upstream:short)%00%(objectname)%00%(upstream:track)%00%(upstream:remotename)%00%(upstream:remoteref) refs/heads/master refs/remotes/master [3ms]
2026-09-16 18:52:21.014 [info] > git for-each-ref --sort -committerdate --format %(refname) %(objectname) %(*objectname) [1ms]
2026-09-16 18:52:21.026 [info] > git status -z -uall [17ms]
2026-09-16 18:52:26.033 [info] > git config --get commit.template [3ms]
2026-09-16 18:52:26.035 [info] > git for-each-ref --format=%(refname)%00%(upstream:short)%00%(objectname)%00%(upstream:track)%00%(upstream:remotename)%00%(upstream:remoteref) refs/heads/master refs/remotes/master [3ms]
2026-09-16 18:52:26.043 [info] > git for-each-ref --sort -committerdate --format %(refname) %(objectname) %(*objectname) [4ms]
2026-09-16 18:52:26.054 [info] > git status -z -uall [17ms]
2026-09-16 18:52:31.065 [info] > git config --get commit.template [4ms]
2026-09-16 18:52:31.067 [info] > git for-each-ref --format=%(refname)%00%(upstream:short)%00%(objectname)%00%(upstream:track)%00%(upstream:remotename)%00%(upstream:remoteref) refs/heads/master refs/remotes/master [3ms]
2026-09-16 18:52:31.075 [info] > git for-each-ref --sort -committerdate --format %(refname) %(objectname) %(*objectname) [3ms]
2026-09-16 18:52:31.088 [info] > git status -z -uall [19ms]
2026-09-16 18:52:36.098 [info] > git config --get commit.template [4ms]
2026-09-16 18:52:36.100 [info] > git for-each-ref --format=%(refname)%00%(upstream:short)%00%(objectname)%00%(upstream:track)%00%(upstream:remotename)%00%(upstream:remoteref) refs/heads/master refs/remotes/master [3ms]
2026-09-16 18:52:36.108 [info] > git for-each-ref --sort -committerdate --format %(refname) %(objectname) %(*objectname) [3ms]
2026-09-16 18:52:36.120 [info] > git status -z -uall [18ms]
2026-09-16 18:52:41.128 [info] > git config --get commit.template [3ms]
2026-09-16 18:52:41.130 [info] > git for-each-ref --format=%(refname)%00%(upstream:short)%00%(objectname)%00%(upstream:track)%00%(upstream:remotename)%00%(upstream:remoteref) refs/heads/master refs/remotes/master [3ms]
2026-09-16 18:52:41.136 [info] > git for-each-ref --sort -committerdate --format %(refname) %(objectname) %(*objectname) [2ms]
2026-09-16 18:52:41.148 [info] > git status -z -uall [16ms]
2026-09-16 18:52:46.158 [info] > git config --get commit.template [3ms]
2026-09-16 18:52:46.161 [info] > git for-each-ref --format=%(refname)%00%(upstream:short)%00%(objectname)%00%(upstream:track)%00%(upstream:remotename)%00%(upstream:remoteref) refs/heads/master refs/remotes/master [3ms]
2026-09-16 18:52:46.168 [info] > git for-each-ref --sort -committerdate --format %(refname) %(objectname) %(*objectname) [3ms]
2026-09-16 18:52:46.179 [info] > git status -z -uall [16ms]
2026-09-16 18:52:51.188 [info] > git config --get commit.template [3ms]
2026-09-16 18:52:51.190 [info] > git for-each-ref --format=%(refname)%00%(upstream:short)%00%(objectname)%00%(upstream:track)%00%(upstream:remotename)%00%(upstream:remoteref) refs/heads/master refs/remotes/master [2ms]
2026-09-16 18:52:51.198 [info] > git for-each-ref --sort -committerdate --format %(refname) %(objectname) %(*objectname) [4ms]
2026-09-16 18:52:51.211 [info] > git status -z -uall [19ms]
2026-09-16 18:52:56.220 [info] > git config --get commit.template [2ms]
2026-09-16 18:52:56.222 [info] > git for-each-ref --format=%(refname)%00%(upstream:short)%00%(objectname)%00%(upstream:track)%00%(upstream:remotename)%00%(upstream:remoteref) refs/heads/master refs/remotes/master [2ms]
2026-09-16 18:52:56.230 [info] > git for-each-ref --sort -committerdate --format %(refname) %(objectname) %(*objectname) [3ms]
2026-09-16 18:52:56.242 [info] > git status -z -uall [18ms]
2026-09-16 18:53:01.250 [info] > git config --get commit.template [2ms]
2026-09-16 18:53:01.252 [info] > git for-each-ref --format=%(refname)%00%(upstream:short)%00%(objectname)%00%(upstream:track)%00%(upstream:remotename)%00%(upstream:remoteref) refs/heads/master refs/remotes/master [2ms]
2026-09-16 18:53:01.260 [info] > git for-each-ref --sort -committerdate --format %(refname) %(objectname) %(*objectname) [3ms]
2026-09-16 18:53:01.277 [info] > git status -z -uall [22ms]
2026-09-16 18:53:06.287 [info] > git config --get commit.template [4ms]
2026-09-16 18:53:06.288 [info] > git for-each-ref --format=%(refname)%00%(upstream:short)%00%(objectname)%00%(upstream:track)%00%(upstream:remotename)%00%(upstream:remoteref) refs/heads/master refs/remotes/master [3ms]
2026-09-16 18:53:06.297 [info] > git for-each-ref --sort -committerdate --format %(refname) %(objectname) %(*objectname) [4ms]
2026-09-16 18:53:06.310 [info] > git status -z -uall [20ms]
2026-09-16 18:53:11.318 [info] > git config --get commit.template [3ms]
2026-09-16 18:53:11.321 [info] > git for-each-ref --format=%(refname)%00%(upstream:short)%00%(objectname)%00%(upstream:track)%00%(upstream:remotename)%00%(upstream:remoteref) refs/heads/master refs/remotes/master [2ms]
2026-09-16 18:53:11.328 [info] > git for-each-ref --sort -committerdate --format %(refname) %(objectname) %(*objectname) [3ms]
2026-09-16 18:53:11.340 [info] > git status -z -uall [17ms]
2026-09-16 18:53:16.350 [info] > git config --get commit.template [3ms]
2026-09-16 18:53:16.352 [info] > git for-each-ref --format=%(refname)%00%(upstream:short)%00%(objectname)%00%(upstream:track)%00%(upstream:remotename)%00%(upstream:remoteref) refs/heads/master refs/remotes/master [2ms]
2026-09-16 18:53:16.360 [info] > git for-each-ref --sort -committerdate --format %(refname) %(objectname) %(*objectname) [3ms]
2026-09-16 18:53:16.372 [info] > git status -z -uall [18ms]
2026-09-16 18:53:21.380 [info] > git config --get commit.template [2ms]
2026-09-16 18:53:21.381 [info] > git for-each-ref --format=%(refname)%00%(upstream:short)%00%(objectname)%00%(upstream:track)%00%(upstream:remotename)%00%(upstream:remoteref) refs/heads/master refs/remotes/master [2ms]
2026-09-16 18:53:21.390 [info] > git for-each-ref --sort -committerdate --format %(refname) %(objectname) %(*objectname) [4ms]
2026-09-16 18:53:21.399 [info] > git status -z -uall [16ms]
2026-09-16 18:53:42.037 [info] > git config --get commit.template [3ms]
2026-09-16 18:53:42.039 [info] > git for-each-ref --format=%(refname)%00%(upstream:short)%00%(objectname)%00%(upstream:track)%00%(upstream:remotename)%00%(upstream:remoteref) refs/heads/master refs/remotes/master [2ms]
2026-09-16 18:53:42.048 [info] > git for-each-ref --sort -committerdate --format %(refname) %(objectname) %(*objectname) [4ms]
2026-09-16 18:53:42.059 [info] > git status -z -uall [18ms]
2026-09-16 18:53:47.068 [info] > git config --get commit.template [4ms]
2026-09-16 18:53:47.069 [info] > git for-each-ref --format=%(refname)%00%(upstream:short)%00%(objectname)%00%(upstream:track)%00%(upstream:remotename)%00%(upstream:remoteref) refs/heads/master refs/remotes/master [2ms]
2026-09-16 18:53:47.078 [info] > git for-each-ref --sort -committerdate --format %(refname) %(objectname) %(*objectname) [4ms]
2026-09-16 18:53:47.090 [info] > git status -z -uall [18ms]
2026-09-16 18:53:52.099 [info] > git config --get commit.template [3ms]
2026-09-16 18:53:52.100 [info] > git for-each-ref --format=%(refname)%00%(upstream:short)%00%(objectname)%00%(upstream:track)%00%(upstream:remotename)%00%(upstream:remoteref) refs/heads/master refs/remotes/master [2ms]
2026-09-16 18:53:52.108 [info] > git for-each-ref --sort -committerdate --format %(refname) %(objectname) %(*objectname) [3ms]
2026-09-16 18:53:52.119 [info] > git status -z -uall [17ms]
2026-09-16 18:54:07.848 [info] > git config --get commit.template [3ms]
2026-09-16 18:54:07.850 [info] > git for-each-ref --format=%(refname)%00%(upstream:short)%00%(objectname)%00%(upstream:track)%00%(upstream:remotename)%00%(upstream:remoteref) refs/heads/master refs/remotes/master [2ms]
2026-09-16 18:54:07.857 [info] > git for-each-ref --sort -committerdate --format %(refname) %(objectname) %(*objectname) [3ms]
2026-09-16 18:54:07.874 [info] > git status -z -uall [22ms]
2026-09-16 18:54:12.882 [info] > git config --get commit.template [2ms]
2026-09-16 18:54:12.884 [info] > git for-each-ref --format=%(refname)%00%(upstream:short)%00%(objectname)%00%(upstream:track)%00%(upstream:remotename)%00%(upstream:remoteref) refs/heads/master refs/remotes/master [2ms]
2026-09-16 18:54:12.884 [warning] [Git][getBranch] No such branch: master
2026-09-16 18:54:12.892 [info] > git for-each-ref --sort -committerdate --format %(refname) %(objectname) %(*objectname) [2ms]
2026-09-16 18:54:12.909 [info] > git status -z -uall [21ms]
2026-09-16 18:54:20.175 [info] > git config --get commit.template [4ms]
2026-09-16 18:54:20.176 [info] > git for-each-ref --format=%(refname)%00%(upstream:short)%00%(objectname)%00%(upstream:track)%00%(upstream:remotename)%00%(upstream:remoteref) refs/heads/master refs/remotes/master [2ms]
2026-09-16 18:54:20.176 [warning] [Git][getBranch] No such branch: master
2026-09-16 18:54:20.185 [info] > git for-each-ref --sort -committerdate --format %(refname) %(objectname) %(*objectname) [4ms]
2026-09-16 18:54:20.198 [info] > git status -z -uall [20ms]
2026-09-16 18:54:25.230 [info] > git config --get commit.template [3ms]
2026-09-16 18:54:25.232 [info] > git for-each-ref --format=%(refname)%00%(upstream:short)%00%(objectname)%00%(upstream:track)%00%(upstream:remotename)%00%(upstream:remoteref) refs/heads/master refs/remotes/master [2ms]
2026-09-16 18:54:25.232 [warning] [Git][getBranch] No such branch: master
2026-09-16 18:54:25.239 [info] > git for-each-ref --sort -committerdate --format %(refname) %(objectname) %(*objectname) [3ms]
2026-09-16 18:54:25.253 [info] > git status -z -uall [19ms]
2026-09-16 18:54:30.301 [info] > git config --get commit.template [3ms]
2026-09-16 18:54:30.302 [info] > git for-each-ref --format=%(refname)%00%(upstream:short)%00%(objectname)%00%(upstream:track)%00%(upstream:remotename)%00%(upstream:remoteref) refs/heads/master refs/remotes/master [2ms]
2026-09-16 18:54:30.302 [warning] [Git][getBranch] No such branch: master
2026-09-16 18:54:30.310 [info] > git for-each-ref --sort -committerdate --format %(refname) %(objectname) %(*objectname) [3ms]
2026-09-16 18:54:30.324 [info] > git status -z -uall [19ms]
2026-09-16 18:54:46.644 [info] > git config --get commit.template [3ms]
2026-09-16 18:54:46.646 [info] > git for-each-ref --format=%(refname)%00%(upstream:short)%00%(objectname)%00%(upstream:track)%00%(upstream:remotename)%00%(upstream:remoteref) refs/heads/master refs/remotes/master [3ms]
2026-09-16 18:54:46.646 [warning] [Git][getBranch] No such branch: master
2026-09-16 18:54:46.654 [info] > git for-each-ref --sort -committerdate --format %(refname) %(objectname) %(*objectname) [3ms]
2026-09-16 18:54:46.666 [info] > git status -z -uall [18ms]
2026-09-16 18:54:50.738 [info] > git check-ignore -v -z --stdin [3ms]
2026-09-16 18:54:51.696 [info] > git config --get commit.template [2ms]
2026-09-16 18:54:51.698 [info] > git for-each-ref --format=%(refname)%00%(upstream:short)%00%(objectname)%00%(upstream:track)%00%(upstream:remotename)%00%(upstream:remoteref) refs/heads/master refs/remotes/master [2ms]
2026-09-16 18:54:51.698 [warning] [Git][getBranch] No such branch: master
2026-09-16 18:54:51.705 [info] > git for-each-ref --sort -committerdate --format %(refname) %(objectname) %(*objectname) [2ms]
2026-09-16 18:54:51.719 [info] > git status -z -uall [19ms]
2026-09-16 18:55:06.523 [info] > git config --get commit.template [3ms]
2026-09-16 18:55:06.525 [info] > git for-each-ref --format=%(refname)%00%(upstream:short)%00%(objectname)%00%(upstream:track)%00%(upstream:remotename)%00%(upstream:remoteref) refs/heads/master refs/remotes/master [2ms]
2026-09-16 18:55:06.525 [warning] [Git][getBranch] No such branch: master
2026-09-16 18:55:06.532 [info] > git for-each-ref --sort -committerdate --format %(refname) %(objectname) %(*objectname) [1ms]
2026-09-16 18:55:06.546 [info] > git status -z -uall [19ms]
2026-09-16 18:55:11.580 [info] > git config --get commit.template [8ms]
2026-09-16 18:55:11.601 [info] > git for-each-ref --format=%(refname)%00%(upstream:short)%00%(objectname)%00%(upstream:track)%00%(upstream:remotename)%00%(upstream:remoteref) refs/heads/master refs/remotes/master [22ms]
2026-09-16 18:55:11.601 [warning] [Git][getBranch] No such branch: master
2026-09-16 18:55:11.609 [info] > git for-each-ref --sort -committerdate --format %(refname) %(objectname) %(*objectname) [3ms]
2026-09-16 18:55:11.622 [info] > git status -z -uall [19ms]
2026-09-16 18:55:21.369 [info] > git config --get commit.template [3ms]
2026-09-16 18:55:21.371 [info] > git for-each-ref --format=%(refname)%00%(upstream:short)%00%(objectname)%00%(upstream:track)%00%(upstream:remotename)%00%(upstream:remoteref) refs/heads/master refs/remotes/master [2ms]
2026-09-16 18:55:21.371 [warning] [Git][getBranch] No such branch: master
2026-09-16 18:55:21.379 [info] > git for-each-ref --sort -committerdate --format %(refname) %(objectname) %(*objectname) [3ms]
2026-09-16 18:55:21.392 [info] > git status -z -uall [18ms]
2026-09-16 18:55:26.423 [info] > git config --get commit.template [3ms]
2026-09-16 18:55:26.424 [info] > git for-each-ref --format=%(refname)%00%(upstream:short)%00%(objectname)%00%(upstream:track)%00%(upstream:remotename)%00%(upstream:remoteref) refs/heads/master refs/remotes/master [3ms]
2026-09-16 18:55:26.424 [warning] [Git][getBranch] No such branch: master
2026-09-16 18:55:26.432 [info] > git for-each-ref --sort -committerdate --format %(refname) %(objectname) %(*objectname) [3ms]
2026-09-16 18:55:26.445 [info] > git status -z -uall [19ms]
2026-09-16 18:55:31.472 [info] > git config --get commit.template [3ms]
2026-09-16 18:55:31.474 [info] > git for-each-ref --format=%(refname)%00%(upstream:short)%00%(objectname)%00%(upstream:track)%00%(upstream:remotename)%00%(upstream:remoteref) refs/heads/master refs/remotes/master [2ms]
2026-09-16 18:55:31.474 [warning] [Git][getBranch] No such branch: master
2026-09-16 18:55:31.484 [info] > git for-each-ref --sort -committerdate --format %(refname) %(objectname) %(*objectname) [5ms]
2026-09-16 18:55:31.495 [info] > git status -z -uall [17ms]
2026-09-16 18:55:36.522 [info] > git config --get commit.template [3ms]
2026-09-16 18:55:36.524 [info] > git for-each-ref --format=%(refname)%00%(upstream:short)%00%(objectname)%00%(upstream:track)%00%(upstream:remotename)%00%(upstream:remoteref) refs/heads/master refs/remotes/master [2ms]
2026-09-16 18:55:36.524 [warning] [Git][getBranch] No such branch: master
2026-09-16 18:55:36.532 [info] > git for-each-ref --sort -committerdate --format %(refname) %(objectname) %(*objectname) [4ms]
2026-09-16 18:55:36.545 [info] > git status -z -uall [19ms]
2026-09-16 18:55:41.573 [info] > git config --get commit.template [4ms]
2026-09-16 18:55:41.574 [info] > git for-each-ref --format=%(refname)%00%(upstream:short)%00%(objectname)%00%(upstream:track)%00%(upstream:remotename)%00%(upstream:remoteref) refs/heads/master refs/remotes/master [3ms]
2026-09-16 18:55:41.574 [warning] [Git][getBranch] No such branch: master
2026-09-16 18:55:41.581 [info] > git for-each-ref --sort -committerdate --format %(refname) %(objectname) %(*objectname) [2ms]
2026-09-16 18:55:41.596 [info] > git status -z -uall [20ms]
2026-09-16 18:55:46.624 [info] > git config --get commit.template [4ms]
2026-09-16 18:55:46.626 [info] > git for-each-ref --format=%(refname)%00%(upstream:short)%00%(objectname)%00%(upstream:track)%00%(upstream:remotename)%00%(upstream:remoteref) refs/heads/master refs/remotes/master [3ms]
2026-09-16 18:55:46.634 [info] > git for-each-ref --sort -committerdate --format %(refname) %(objectname) %(*objectname) [2ms]
2026-09-16 18:55:46.643 [info] > git status -z -uall [15ms]
2026-09-16 18:55:51.656 [info] > git config --get commit.template [5ms]
2026-09-16 18:55:51.657 [info] > git for-each-ref --format=%(refname)%00%(upstream:short)%00%(objectname)%00%(upstream:track)%00%(upstream:remotename)%00%(upstream:remoteref) refs/heads/master refs/remotes/master [3ms]
2026-09-16 18:55:51.666 [info] > git for-each-ref --sort -committerdate --format %(refname) %(objectname) %(*objectname) [5ms]
2026-09-16 18:55:51.674 [info] > git status -z -uall [15ms]
2026-09-16 18:55:56.684 [info] > git config --get commit.template [4ms]
2026-09-16 18:55:56.685 [info] > git for-each-ref --format=%(refname)%00%(upstream:short)%00%(objectname)%00%(upstream:track)%00%(upstream:remotename)%00%(upstream:remoteref) refs/heads/master refs/remotes/master [2ms]
2026-09-16 18:55:56.693 [info] > git for-each-ref --sort -committerdate --format %(refname) %(objectname) %(*objectname) [3ms]
2026-09-16 18:55:56.704 [info] > git status -z -uall [16ms]
2026-09-16 18:56:01.711 [info] > git config --get commit.template [3ms]
2026-09-16 18:56:01.712 [info] > git for-each-ref --format=%(refname)%00%(upstream:short)%00%(objectname)%00%(upstream:track)%00%(upstream:remotename)%00%(upstream:remoteref) refs/heads/master refs/remotes/master [2ms]
2026-09-16 18:56:01.721 [info] > git for-each-ref --sort -committerdate --format %(refname) %(objectname) %(*objectname) [4ms]
2026-09-16 18:56:01.731 [info] > git status -z -uall [17ms]
2026-09-16 18:56:06.740 [info] > git config --get commit.template [3ms]
2026-09-16 18:56:06.742 [info] > git for-each-ref --format=%(refname)%00%(upstream:short)%00%(objectname)%00%(upstream:track)%00%(upstream:remotename)%00%(upstream:remoteref) refs/heads/master refs/remotes/master [3ms]
2026-09-16 18:56:06.750 [info] > git for-each-ref --sort -committerdate --format %(refname) %(objectname) %(*objectname) [4ms]
2026-09-16 18:56:06.758 [info] > git status -z -uall [14ms]
2026-09-16 18:56:11.766 [info] > git config --get commit.template [3ms]
2026-09-16 18:56:11.767 [info] > git for-each-ref --format=%(refname)%00%(upstream:short)%00%(objectname)%00%(upstream:track)%00%(upstream:remotename)%00%(upstream:remoteref) refs/heads/master refs/remotes/master [2ms]
2026-09-16 18:56:11.776 [info] > git for-each-ref --sort -committerdate --format %(refname) %(objectname) %(*objectname) [4ms]
2026-09-16 18:56:11.785 [info] > git status -z -uall [15ms]
2026-09-16 18:56:16.793 [info] > git config --get commit.template [3ms]
2026-09-16 18:56:16.795 [info] > git for-each-ref --format=%(refname)%00%(upstream:short)%00%(objectname)%00%(upstream:track)%00%(upstream:remotename)%00%(upstream:remoteref) refs/heads/master refs/remotes/master [2ms]
2026-09-16 18:56:16.802 [info] > git for-each-ref --sort -committerdate --format %(refname) %(objectname) %(*objectname) [2ms]
2026-09-16 18:56:16.812 [info] > git status -z -uall [15ms]
2026-09-16 18:56:21.821 [info] > git config --get commit.template [3ms]
2026-09-16 18:56:21.823 [info] > git for-each-ref --format=%(refname)%00%(upstream:short)%00%(objectname)%00%(upstream:track)%00%(upstream:remotename)%00%(upstream:remoteref) refs/heads/master refs/remotes/master [2ms]
2026-09-16 18:56:21.830 [info] > git for-each-ref --sort -committerdate --format %(refname) %(objectname) %(*objectname) [3ms]
2026-09-16 18:56:21.840 [info] > git status -z -uall [15ms]
2026-09-16 18:56:26.850 [info] > git config --get commit.template [3ms]
2026-09-16 18:56:26.852 [info] > git for-each-ref --format=%(refname)%00%(upstream:short)%00%(objectname)%00%(upstream:track)%00%(upstream:remotename)%00%(upstream:remoteref) refs/heads/master refs/remotes/master [3ms]
2026-09-16 18:56:26.860 [info] > git for-each-ref --sort -committerdate --format %(refname) %(objectname) %(*objectname) [3ms]
2026-09-16 18:56:26.870 [info] > git status -z -uall [16ms]
2026-09-16 18:56:31.878 [info] > git config --get commit.template [3ms]
2026-09-16 18:56:31.880 [info] > git for-each-ref --format=%(refname)%00%(upstream:short)%00%(objectname)%00%(upstream:track)%00%(upstream:remotename)%00%(upstream:remoteref) refs/heads/master refs/remotes/master [3ms]
2026-09-16 18:56:31.888 [info] > git for-each-ref --sort -committerdate --format %(refname) %(objectname) %(*objectname) [3ms]
2026-09-16 18:56:31.898 [info] > git status -z -uall [16ms]
2026-09-16 18:56:36.907 [info] > git config --get commit.template [4ms]
2026-09-16 18:56:36.909 [info] > git for-each-ref --format=%(refname)%00%(upstream:short)%00%(objectname)%00%(upstream:track)%00%(upstream:remotename)%00%(upstream:remoteref) refs/heads/master refs/remotes/master [2ms]
2026-09-16 18:56:36.919 [info] > git for-each-ref --sort -committerdate --format %(refname) %(objectname) %(*objectname) [5ms]
2026-09-16 18:56:36.926 [info] > git status -z -uall [14ms]
2026-09-16 18:56:41.934 [info] > git config --get commit.template [4ms]
2026-09-16 18:56:41.936 [info] > git for-each-ref --format=%(refname)%00%(upstream:short)%00%(objectname)%00%(upstream:track)%00%(upstream:remotename)%00%(upstream:remoteref) refs/heads/master refs/remotes/master [2ms]
2026-09-16 18:56:41.944 [info] > git for-each-ref --sort -committerdate --format %(refname) %(objectname) %(*objectname) [3ms]
2026-09-16 18:56:41.953 [info] > git status -z -uall [15ms]
2026-09-16 18:56:46.964 [info] > git config --get commit.template [3ms]
2026-09-16 18:56:46.966 [info] > git for-each-ref --format=%(refname)%00%(upstream:short)%00%(objectname)%00%(upstream:track)%00%(upstream:remotename)%00%(upstream:remoteref) refs/heads/master refs/remotes/master [2ms]
2026-09-16 18:56:46.974 [info] > git for-each-ref --sort -committerdate --format %(refname) %(objectname) %(*objectname) [2ms]
2026-09-16 18:56:46.987 [info] > git status -z -uall [18ms]
2026-09-16 18:56:51.997 [info] > git config --get commit.template [3ms]
2026-09-16 18:56:51.999 [info] > git for-each-ref --format=%(refname)%00%(upstream:short)%00%(objectname)%00%(upstream:track)%00%(upstream:remotename)%00%(upstream:remoteref) refs/heads/master refs/remotes/master [3ms]
2026-09-16 18:56:52.008 [info] > git for-each-ref --sort -committerdate --format %(refname) %(objectname) %(*objectname) [4ms]
2026-09-16 18:56:52.018 [info] > git status -z -uall [16ms]
2026-09-16 18:56:57.026 [info] > git config --get commit.template [4ms]
2026-09-16 18:56:57.028 [info] > git for-each-ref --format=%(refname)%00%(upstream:short)%00%(objectname)%00%(upstream:track)%00%(upstream:remotename)%00%(upstream:remoteref) refs/heads/master refs/remotes/master [3ms]
2026-09-16 18:56:57.036 [info] > git for-each-ref --sort -committerdate --format %(refname) %(objectname) %(*objectname) [3ms]
2026-09-16 18:56:57.045 [info] > git status -z -uall [15ms]
2026-09-16 18:57:02.055 [info] > git config --get commit.template [3ms]
2026-09-16 18:57:02.057 [info] > git for-each-ref --format=%(refname)%00%(upstream:short)%00%(objectname)%00%(upstream:track)%00%(upstream:remotename)%00%(upstream:remoteref) refs/heads/master refs/remotes/master [3ms]
2026-09-16 18:57:02.067 [info] > git for-each-ref --sort -committerdate --format %(refname) %(objectname) %(*objectname) [5ms]
2026-09-16 18:57:02.074 [info] > git status -z -uall [15ms]
2026-09-16 18:57:07.086 [info] > git config --get commit.template [3ms]
2026-09-16 18:57:07.088 [info] > git for-each-ref --format=%(refname)%00%(upstream:short)%00%(objectname)%00%(upstream:track)%00%(upstream:remotename)%00%(upstream:remoteref) refs/heads/master refs/remotes/master [3ms]
2026-09-16 18:57:07.097 [info] > git for-each-ref --sort -committerdate --format %(refname) %(objectname) %(*objectname) [5ms]
2026-09-16 18:57:07.105 [info] > git status -z -uall [15ms]
2026-09-16 18:57:12.114 [info] > git config --get commit.template [5ms]
2026-09-16 18:57:12.116 [info] > git for-each-ref --format=%(refname)%00%(upstream:short)%00%(objectname)%00%(upstream:track)%00%(upstream:remotename)%00%(upstream:remoteref) refs/heads/master refs/remotes/master [3ms]
2026-09-16 18:57:12.126 [info] > git for-each-ref --sort -committerdate --format %(refname) %(objectname) %(*objectname) [3ms]
2026-09-16 18:57:12.134 [info] > git status -z -uall [16ms]
2026-09-16 18:57:17.144 [info] > git config --get commit.template [4ms]
2026-09-16 18:57:17.146 [info] > git for-each-ref --format=%(refname)%00%(upstream:short)%00%(objectname)%00%(upstream:track)%00%(upstream:remotename)%00%(upstream:remoteref) refs/heads/master refs/remotes/master [2ms]
2026-09-16 18:57:17.153 [info] > git for-each-ref --sort -committerdate --format %(refname) %(objectname) %(*objectname) [2ms]
2026-09-16 18:57:17.165 [info] > git status -z -uall [17ms]
2026-09-16 18:57:22.176 [info] > git config --get commit.template [3ms]
2026-09-16 18:57:22.178 [info] > git for-each-ref --format=%(refname)%00%(upstream:short)%00%(objectname)%00%(upstream:track)%00%(upstream:remotename)%00%(upstream:remoteref) refs/heads/master refs/remotes/master [2ms]
2026-09-16 18:57:22.186 [info] > git for-each-ref --sort -committerdate --format %(refname) %(objectname) %(*objectname) [3ms]
2026-09-16 18:57:22.198 [info] > git status -z -uall [18ms]
2026-09-16 18:57:27.208 [info] > git config --get commit.template [3ms]
2026-09-16 18:57:27.210 [info] > git for-each-ref --format=%(refname)%00%(upstream:short)%00%(objectname)%00%(upstream:track)%00%(upstream:remotename)%00%(upstream:remoteref) refs/heads/master refs/remotes/master [2ms]
2026-09-16 18:57:27.218 [info] > git for-each-ref --sort -committerdate --format %(refname) %(objectname) %(*objectname) [3ms]
2026-09-16 18:57:27.228 [info] > git status -z -uall [16ms]
2026-09-16 18:57:42.013 [info] > git config --get commit.template [3ms]
2026-09-16 18:57:42.015 [info] > git for-each-ref --format=%(refname)%00%(upstream:short)%00%(objectname)%00%(upstream:track)%00%(upstream:remotename)%00%(upstream:remoteref) refs/heads/master refs/remotes/master [2ms]
2026-09-16 18:57:42.023 [info] > git for-each-ref --sort -committerdate --format %(refname) %(objectname) %(*objectname) [2ms]
2026-09-16 18:57:42.032 [info] > git status -z -uall [15ms]
2026-09-16 18:57:47.039 [info] > git config --get commit.template [3ms]
2026-09-16 18:57:47.042 [info] > git for-each-ref --format=%(refname)%00%(upstream:short)%00%(objectname)%00%(upstream:track)%00%(upstream:remotename)%00%(upstream:remoteref) refs/heads/master refs/remotes/master [3ms]
2026-09-16 18:57:47.051 [info] > git for-each-ref --sort -committerdate --format %(refname) %(objectname) %(*objectname) [4ms]
2026-09-16 18:57:47.051 [info] fatal: missing object 7eb146ff08e2cb89222863a9db0c992b6be541bd for refs/heads/master
2026-09-16 18:57:47.055 [info] > git status -z -uall [11ms] (cancelled)
2026-09-16 18:57:47.058 [info] > git config --get commit.template [3ms]
2026-09-16 18:57:47.060 [info] > git for-each-ref --format=%(refname)%00%(upstream:short)%00%(objectname)%00%(upstream:track)%00%(upstream:remotename)%00%(upstream:remoteref) refs/heads/master refs/remotes/master [3ms]
2026-09-16 18:57:47.070 [info] > git for-each-ref --sort -committerdate --format %(refname) %(objectname) %(*objectname) [5ms]
2026-09-16 18:57:47.070 [info] fatal: missing object 7eb146ff08e2cb89222863a9db0c992b6be541bd for refs/heads/master
2026-09-16 18:57:47.072 [info] > git status -z -uall [10ms]
2026-09-16 18:57:47.342 [warning] [Git][getHEAD] Failed to parse HEAD file: ENOENT: no such file or directory, open '/home/202207372/.git/HEAD'
2026-09-16 18:57:47.345 [warning] [Git][getRemotes] Error: ENOENT: no such file or directory, open '/home/202207372/.git/config'
2026-09-16 18:57:47.348 [info] > git remote --verbose [3ms]
2026-09-16 18:57:47.348 [info] fatal: not a git repository (or any parent up to mount point /home)
Stopping at filesystem boundary (GIT_DISCOVERY_ACROSS_FILESYSTEM not set).
2026-09-16 18:57:47.350 [info] > git symbolic-ref --short HEAD [8ms]
2026-09-16 18:57:47.350 [info] fatal: not a git repository (or any parent up to mount point /home)
Stopping at filesystem boundary (GIT_DISCOVERY_ACROSS_FILESYSTEM not set).
2026-09-16 18:57:47.354 [warning] [Git][getRemotes] Error: ENOENT: no such file or directory, open '/home/202207372/.git/config'
2026-09-16 18:57:47.357 [warning] [Git][getHEAD] Failed to parse HEAD file: ENOENT: no such file or directory, open '/home/202207372/.git/HEAD'
2026-09-16 18:57:47.360 [info] > git config --get commit.template [12ms]
2026-09-16 18:57:47.360 [info] > git symbolic-ref --short HEAD [3ms]
2026-09-16 18:57:47.360 [info] fatal: not a git repository (or any parent up to mount point /home)
Stopping at filesystem boundary (GIT_DISCOVERY_ACROSS_FILESYSTEM not set).
2026-09-16 18:57:47.363 [info] > git remote --verbose [8ms]
2026-09-16 18:57:47.363 [info] fatal: not a git repository (or any parent up to mount point /home)
Stopping at filesystem boundary (GIT_DISCOVERY_ACROSS_FILESYSTEM not set).
2026-09-16 18:57:47.363 [info] > git rev-parse HEAD [11ms]
2026-09-16 18:57:47.363 [info] fatal: not a git repository (or any parent up to mount point /home)
Stopping at filesystem boundary (GIT_DISCOVERY_ACROSS_FILESYSTEM not set).
2026-09-16 18:57:47.363 [info] > git config --get commit.template [3ms]
2026-09-16 18:57:47.364 [info] > git rev-parse HEAD [2ms]
2026-09-16 18:57:47.364 [info] fatal: not a git repository (or any parent up to mount point /home)
Stopping at filesystem boundary (GIT_DISCOVERY_ACROSS_FILESYSTEM not set).
2026-09-16 18:57:48.018 [info] > git rev-parse --show-toplevel [2ms]
2026-09-16 18:57:48.018 [info] fatal: not a git repository (or any parent up to mount point /home)
Stopping at filesystem boundary (GIT_DISCOVERY_ACROSS_FILESYSTEM not set).
2026-09-16 18:57:59.482 [info] > git rev-parse --show-toplevel [3ms]
2026-09-16 18:57:59.486 [info] > git rev-parse --git-dir --git-common-dir [2ms]
2026-09-16 18:57:59.491 [info] [Model][openRepository] Opened repository: /home/202207372
2026-09-16 18:57:59.496 [info] [Git][getRemotes] No remotes found in the git config file
2026-09-16 18:57:59.496 [info] > git config --get commit.template [3ms]
2026-09-16 18:57:59.498 [info] > git for-each-ref --format=%(refname)%00%(upstream:short)%00%(objectname)%00%(upstream:track)%00%(upstream:remotename)%00%(upstream:remoteref) refs/heads/master refs/remotes/master [2ms]
2026-09-16 18:57:59.498 [warning] [Git][getBranch] No such branch: master
2026-09-16 18:57:59.505 [info] > git for-each-ref --sort -committerdate --format %(refname) %(objectname) %(*objectname) [2ms]
2026-09-16 18:57:59.513 [info] > git status -z -uall [13ms]
2026-09-16 18:57:59.543 [info] > git for-each-ref --format=%(refname)%00%(upstream:short)%00%(objectname)%00%(upstream:track)%00%(upstream:remotename)%00%(upstream:remoteref) refs/heads/master refs/remotes/master [5ms]
2026-09-16 18:57:59.543 [warning] [Git][getBranch] No such branch: master
2026-09-16 18:57:59.543 [error] [GitHistoryProvider][resolveHEADMergeBase] Failed to resolve merge base for master: Error: No such branch: master.
2026-09-16 18:57:59.551 [info] [Git][getRemotes] No remotes found in the git config file
2026-09-16 18:57:59.557 [info] > git for-each-ref --format=%(refname)%00%(upstream:short)%00%(objectname)%00%(upstream:track)%00%(upstream:remotename)%00%(upstream:remoteref) refs/heads/master refs/remotes/master [6ms]
2026-09-16 18:57:59.557 [warning] [Git][getBranch] No such branch: master
2026-09-16 18:57:59.557 [info] > git config --get commit.template [15ms]
2026-09-16 18:57:59.567 [info] > git for-each-ref --sort -committerdate --format %(refname) %(objectname) %(*objectname) [3ms]
2026-09-16 18:57:59.578 [info] > git status -z -uall [18ms]
2026-09-16 18:58:00.077 [info] > git check-ignore -v -z --stdin [3ms]
2026-09-16 18:58:02.359 [info] [Git][getRemotes] No remotes found in the git config file
2026-09-16 18:58:02.359 [info] > git config --get commit.template [3ms]
2026-09-16 18:58:02.361 [info] > git for-each-ref --format=%(refname)%00%(upstream:short)%00%(objectname)%00%(upstream:track)%00%(upstream:remotename)%00%(upstream:remoteref) refs/heads/master refs/remotes/master [2ms]
2026-09-16 18:58:02.361 [warning] [Git][getBranch] No such branch: master
2026-09-16 18:58:02.368 [info] > git for-each-ref --sort -committerdate --format %(refname) %(objectname) %(*objectname) [2ms]
2026-09-16 18:58:02.375 [info] > git status -z -uall [12ms]
2026-09-16 18:58:07.699 [info] [Git][getRemotes] No remotes found in the git config file
2026-09-16 18:58:07.700 [info] > git config --get commit.template [4ms]
2026-09-16 18:58:07.701 [info] > git for-each-ref --format=%(refname)%00%(upstream:short)%00%(objectname)%00%(upstream:track)%00%(upstream:remotename)%00%(upstream:remoteref) refs/heads/master refs/remotes/master [2ms]
2026-09-16 18:58:07.701 [warning] [Git][getBranch] No such branch: master
2026-09-16 18:58:07.708 [info] > git for-each-ref --sort -committerdate --format %(refname) %(objectname) %(*objectname) [3ms]
2026-09-16 18:58:07.714 [info] > git status -z -uall [11ms]
2026-09-16 18:58:12.742 [info] [Git][getRemotes] No remotes found in the git config file
2026-09-16 18:58:12.742 [info] > git config --get commit.template [3ms]
2026-09-16 18:58:12.744 [info] > git for-each-ref --format=%(refname)%00%(upstream:short)%00%(objectname)%00%(upstream:track)%00%(upstream:remotename)%00%(upstream:remoteref) refs/heads/master refs/remotes/master [2ms]
2026-09-16 18:58:12.744 [warning] [Git][getBranch] No such branch: master
2026-09-16 18:58:12.752 [info] > git for-each-ref --sort -committerdate --format %(refname) %(objectname) %(*objectname) [3ms]
2026-09-16 18:58:12.758 [info] > git status -z -uall [11ms]
2026-09-16 18:58:18.125 [info] [Git][getRemotes] No remotes found in the git config file
2026-09-16 18:58:18.125 [info] > git config --get commit.template [3ms]
2026-09-16 18:58:18.127 [info] > git for-each-ref --format=%(refname)%00%(upstream:short)%00%(objectname)%00%(upstream:track)%00%(upstream:remotename)%00%(upstream:remoteref) refs/heads/master refs/remotes/master [2ms]
2026-09-16 18:58:18.127 [warning] [Git][getBranch] No such branch: master
2026-09-16 18:58:18.133 [info] > git for-each-ref --sort -committerdate --format %(refname) %(objectname) %(*objectname) [2ms]
2026-09-16 18:58:18.140 [info] > git status -z -uall [11ms]
2026-09-16 18:58:26.879 [info] > git config --get commit.template [4ms]
2026-09-16 18:58:26.880 [info] > git for-each-ref --format=%(refname)%00%(upstream:short)%00%(objectname)%00%(upstream:track)%00%(upstream:remotename)%00%(upstream:remoteref) refs/heads/master refs/remotes/master [2ms]
2026-09-16 18:58:26.880 [warning] [Git][getBranch] No such branch: master
2026-09-16 18:58:26.887 [info] > git for-each-ref --sort -committerdate --format %(refname) %(objectname) %(*objectname) [2ms]
2026-09-16 18:58:26.894 [info] > git status -z -uall [11ms]
